City_ID,City,Country,Date,Lat,Lng,Max Temp,Humidity,Cloudiness,Wind Speed
0,Cabo San Lucas,MX,2022-03-22 13:15:53,22.8909,-109.9124,65.52,49,1,1.01
1,Iqaluit,CA,2022-03-22 13:15:53,63.7506,-68.5145,-13.27,75,20,23.02
2,Yerbogachen,RU,2022-03-22 13:15:54,61.2767,108.0108,15.91,94,100,5.1
3,Vestmannaeyjar,IS,2022-03-22 13:15:54,63.4427,-20.2734,47.39,93,75,8.05
4,Quelimane,MZ,2022-03-22 13:15:54,-17.8786,36.8883,82.35,74,75,6.91
5,Sisophon,KH,2022-03-22 13:15:55,13.5859,102.9737,83.98,70,94,6.42
6,Qaanaaq,GL,2022-03-22 13:15:55,77.484,-69.3632,-4.59,92,100,2.71
7,Beringovskiy,RU,2022-03-22 13:15:56,63.05,179.3167,21.45,96,100,10.45
8,Kodiak,US,2022-03-22 13:11:06,57.79,-152.4072,33.31,60,0,16.11
9,Wucheng,CN,2022-03-22 13:15:56,29.6008,118.175,45.81,94,100,3.83
10,Arlit,NE,2022-03-22 13:15:56,18.7369,7.3853,96.94,5,0,4.5
11,Sakakah,SA,2022-03-22 13:15:57,29.9697,40.2064,76.57,15,0,11.01
12,Butaritari,KI,2022-03-22 13:15:57,3.0707,172.7902,80.96,79,10,13.65
13,Dikson,RU,2022-03-22 13:15:58,73.5069,80.5464,9.95,91,100,22.08
14,Torbay,CA,2022-03-22 13:15:58,47.6666,-52.7314,36.57,77,40,28.77
15,Hithadhoo,MV,2022-03-22 13:15:59,-0.6,73.0833,84.0,73,14,17.16
16,Manoel Urbano,BR,2022-03-22 13:11:15,-8.8389,-69.2597,75.27,96,100,0.76
17,Nuevitas,CU,2022-03-22 13:15:59,21.5453,-77.2644,78.96,63,3,14.9
18,Grindavik,IS,2022-03-22 13:15:59,63.8424,-22.4338,45.07,93,75,8.05
19,Ushuaia,AR,2022-03-22 13:16:00,-54.8,-68.3,53.26,58,75,8.05
20,Horn Lake,US,2022-03-22 13:16:00,34.9554,-90.0348,57.02,94,100,13.0
21,Codrington,AU,2022-03-22 13:16:00,-38.2667,141.9667,60.3,62,97,14.07
22,Chuy,UY,2022-03-22 13:16:01,-33.6971,-53.4616,71.76,71,100,12.19
23,Lasa,IT,2022-03-22 13:16:01,46.6166,10.7002,55.36,61,2,4.45
24,Busselton,AU,2022-03-22 13:16:02,-33.65,115.3333,61.79,62,1,16.67
25,Fairbanks,US,2022-03-22 13:15:28,64.8378,-147.7164,-7.6,66,0,6.91
26,Port-Cartier,CA,2022-03-22 13:16:02,50.0334,-66.8654,30.31,75,100,16.84
27,Olga,RU,2022-03-22 13:16:03,43.7444,135.2892,30.16,70,0,3.15
28,Puerto Ayora,EC,2022-03-22 13:16:03,-0.7393,-90.3518,80.55,89,67,5.01
29,Salalah,OM,2022-03-22 13:16:03,17.0151,54.0924,82.49,51,0,10.36
30,Taonan,CN,2022-03-22 13:16:04,45.3333,122.7833,33.89,42,100,8.23
31,Los Llanos De Aridane,ES,2022-03-22 13:16:04,28.6585,-17.9182,64.15,75,75,5.75
32,Lebu,CL,2022-03-22 13:16:05,-37.6167,-73.65,55.24,78,7,15.01
33,Springville,US,2022-03-22 13:16:05,40.1652,-111.6107,34.3,72,20,3.44
34,Rocha,UY,2022-03-22 13:16:05,-34.4833,-54.3333,67.23,81,100,9.98
35,Sarny,UA,2022-03-22 13:16:06,51.338,26.6019,58.23,39,0,5.77
36,Mataura,NZ,2022-03-22 13:16:06,-46.1927,168.8643,54.34,98,9,1.92
37,San Carlos De Bariloche,AR,2022-03-22 13:14:10,-41.1456,-71.3082,49.75,66,20,21.85
38,Vardo,NO,2022-03-22 13:16:07,70.3705,31.1107,33.82,90,100,21.65
39,Carora,VE,2022-03-22 13:16:07,10.1755,-70.0827,76.03,64,21,7.76
40,Vaini,TO,2022-03-22 13:16:07,-21.2,-175.2,78.96,94,100,4.61
41,Riyadh,SA,2022-03-22 13:13:01,24.6877,46.7219,91.54,8,0,16.67
42,Atuona,PF,2022-03-22 13:16:08,-9.8,-139.0333,77.9,80,100,12.5
43,Klaksvik,FO,2022-03-22 13:16:08,62.2266,-6.589,49.12,85,99,20.8
44,Marzuq,YE,2022-03-22 13:16:09,14.4,46.4667,86.16,21,31,14.79
45,Bethel,US,2022-03-22 13:16:09,41.3712,-73.414,43.75,46,0,6.91
46,Husavik,IS,2022-03-22 13:16:10,66.0449,-17.3389,37.0,95,100,5.7
47,Saskylakh,RU,2022-03-22 13:16:10,71.9167,114.0833,-6.12,99,100,5.14
48,Roald,NO,2022-03-22 13:16:11,62.5833,6.1333,49.12,57,0,3.44
49,Port Hedland,AU,2022-03-22 13:16:11,-20.3167,118.5667,89.65,58,96,13.8
50,Hermanus,ZA,2022-03-22 13:12:43,-34.4187,19.2345,80.8,68,68,15.97
51,Saldanha,ZA,2022-03-22 13:16:12,-33.0117,17.9442,71.24,74,37,15.68
52,Indian Head,US,2022-03-22 13:16:12,38.6001,-77.1622,58.24,56,0,4.61
53,Springbok,ZA,2022-03-22 13:16:13,-29.6643,17.8865,86.58,27,20,10.36
54,Arraial Do Cabo,BR,2022-03-22 13:16:13,-22.9661,-42.0278,78.76,73,40,4.61
55,Orlik,RU,2022-03-22 13:16:13,52.5178,99.825,1.35,82,91,3.62
56,Gambela,ET,2022-03-22 13:16:14,8.25,34.5833,100.54,19,99,3.65
57,Lima,PE,2022-03-22 13:15:45,-12.0432,-77.0282,65.39,23,0,5.75
58,Uribia,CO,2022-03-22 13:16:14,11.7139,-72.266,80.87,63,85,21.07
59,Gubkinskiy,RU,2022-03-22 13:16:15,64.434,76.5026,0.73,95,19,3.94
60,Ribeira Grande,PT,2022-03-22 13:16:15,38.5167,-28.7,63.0,67,40,20.71
61,Ayagoz,KZ,2022-03-22 13:16:15,47.9714,80.4392,24.82,94,100,10.63
62,Novorudnyy,RU,2022-03-22 13:16:16,51.5026,58.1873,26.96,84,91,8.59
63,Dunedin,NZ,2022-03-22 13:13:18,-45.8742,170.5036,59.81,99,63,3.0
64,Barrow,US,2022-03-22 13:16:16,71.2906,-156.7887,-27.38,75,100,6.91
65,Laurens,US,2022-03-22 13:16:09,32.4502,-82.9165,58.28,83,0,0.0
66,Saint George,US,2022-03-22 13:16:15,37.1041,-113.5841,48.43,43,0,9.22
67,Truro,GB,2022-03-22 13:15:33,50.2653,-5.0544,56.48,50,0,27.63
68,Clyde River,CA,2022-03-22 13:16:17,70.4692,-68.5914,-12.77,77,0,6.91
69,Luganville,VU,2022-03-22 13:16:18,-15.5333,167.1667,78.35,89,100,6.02
70,Avarua,CK,2022-03-22 13:11:55,-21.2078,-159.775,73.45,94,75,19.57
71,Thinadhoo,MV,2022-03-22 13:16:18,0.5333,72.9333,84.22,71,11,18.52
72,Geraldton,AU,2022-03-22 13:16:18,-28.7667,114.6,72.01,78,0,13.8
73,Jamestown,US,2022-03-22 13:12:02,42.097,-79.2353,38.52,47,0,5.75
74,Loandjili,CG,2022-03-22 13:16:19,-4.7561,11.8578,79.03,86,100,2.42
75,Punta Arenas,CL,2022-03-22 13:12:48,-53.15,-70.9167,51.91,68,75,23.02
76,Breytovo,RU,2022-03-22 13:16:19,58.2993,37.8617,40.1,84,3,8.46
77,Saint-Philippe,RE,2022-03-22 13:16:20,-21.3585,55.7679,81.99,87,50,9.93
78,Victoria,HK,2022-03-22 13:13:40,22.2855,114.1577,80.19,95,77,10.0
79,Leningradskiy,RU,2022-03-22 13:16:20,69.3833,178.4167,26.38,81,100,7.23
80,Male,MV,2022-03-22 13:16:21,4.1748,73.5089,83.23,68,4,15.68
81,Sorland,NO,2022-03-22 13:16:21,67.667,12.6934,44.46,85,29,20.0
82,Bluff,NZ,2022-03-22 13:16:21,-46.6,168.3333,59.83,87,2,5.1
83,Rikitea,PF,2022-03-22 13:16:22,-23.1203,-134.9692,77.81,76,8,12.35
84,Kramat,ID,2022-03-22 13:16:22,-8.1311,113.4499,75.4,96,100,3.22
85,La Paz,BO,2022-03-22 13:13:51,-16.5,-68.15,51.78,81,20,4.61
86,Nagar Karnul,IN,2022-03-22 13:16:23,16.4821,78.3247,93.56,22,94,2.64
87,Kavaratti,IN,2022-03-22 13:16:23,10.5669,72.642,82.9,66,67,13.27
88,Albany,US,2022-03-22 13:16:23,42.6001,-73.9662,35.78,41,2,3.0
89,Yavaros,MX,2022-03-22 13:16:24,26.7,-109.5167,57.13,48,0,7.38
90,Khatanga,RU,2022-03-22 13:16:24,71.9667,102.5,-16.56,100,100,3.87
91,Kaitangata,NZ,2022-03-22 13:16:25,-46.2817,169.8464,55.36,97,23,3.89
92,Bengkulu,ID,2022-03-22 13:16:25,-3.8004,102.2655,80.38,77,100,4.27
93,Ust-Uda,RU,2022-03-22 13:16:25,54.1742,103.0304,7.79,99,98,2.75
94,Mar Del Plata,AR,2022-03-22 13:16:26,-38.0023,-57.5575,67.08,93,75,16.11
95,Port Alfred,ZA,2022-03-22 13:16:26,-33.5906,26.891,79.72,64,0,11.27
96,East London,ZA,2022-03-22 13:11:55,-33.0153,27.9116,80.56,59,0,14.38
97,Tahoua,NE,2022-03-22 13:16:27,14.8888,5.2692,102.9,6,10,9.13
98,Longyearbyen,SJ,2022-03-22 13:16:27,78.2186,15.6401,15.64,62,75,17.27
99,Lompoc,US,2022-03-22 13:16:27,34.6391,-120.4579,59.52,74,0,6.91
100,Komsomolskiy,UZ,2022-03-22 13:16:28,40.4272,71.7189,52.52,66,100,4.61
101,Te Anau,NZ,2022-03-22 13:16:28,-45.4167,167.7167,56.21,87,12,0.69
102,Thompson,CA,2022-03-22 13:15:32,55.7435,-97.8558,24.96,93,100,8.05
103,Taki,IN,2022-03-22 13:16:29,22.5861,88.9214,89.04,46,35,12.59
104,Hamilton,US,2022-03-22 13:13:38,39.1834,-84.5333,54.23,83,75,12.66
105,Smila,UA,2022-03-22 13:16:29,49.2224,31.8871,49.8,51,3,9.01
106,Ancud,CL,2022-03-22 13:16:30,-41.8697,-73.8203,54.23,84,100,8.75
107,Kodinsk,RU,2022-03-22 13:16:30,58.6881,99.1844,11.52,97,100,3.67
108,Moose Factory,CA,2022-03-22 13:16:30,51.2585,-80.6094,5.0,85,0,3.44
109,Souillac,MU,2022-03-22 13:16:31,-20.5167,57.5167,84.58,84,40,6.91
110,Flinders,AU,2022-03-22 13:16:31,-34.5833,150.8552,70.18,88,100,5.01
111,Narsaq,GL,2022-03-22 13:16:31,60.9167,-46.05,19.62,53,18,6.17
112,Tasiilaq,GL,2022-03-22 13:16:32,65.6145,-37.6368,23.16,53,1,1.45
113,Bilma,NE,2022-03-22 13:16:32,18.6853,12.9164,89.38,10,0,11.97
114,Enshi,CN,2022-03-22 13:16:32,30.3,109.4833,48.0,94,100,0.54
115,Kilindoni,TZ,2022-03-22 13:16:33,-7.9139,39.6668,83.08,74,82,11.32
116,Nanortalik,GL,2022-03-22 13:16:33,60.1432,-45.2371,22.28,56,65,2.53
117,Zhenlai,CN,2022-03-22 13:16:34,45.8495,123.2973,32.97,44,96,9.42
118,Oruro,BO,2022-03-22 13:16:34,-17.9833,-67.15,48.69,81,20,5.75
119,Kapaa,US,2022-03-22 13:12:28,22.0752,-159.319,73.72,84,40,14.97
120,Katsuura,JP,2022-03-22 13:16:35,35.1333,140.3,39.22,79,100,25.46
121,Nikolskoye,RU,2022-03-22 13:16:35,59.7035,30.7861,42.69,78,0,7.27
122,Sitka,US,2022-03-22 13:16:35,57.0531,-135.33,46.29,61,100,14.97
123,Balkanabat,TM,2022-03-22 13:16:36,39.5108,54.3671,44.28,87,100,12.64
124,Whitehorse,CA,2022-03-22 13:16:36,60.7161,-135.0538,25.11,88,100,2.3
125,Abalak,RU,2022-03-22 13:16:37,58.1286,68.5944,22.62,92,100,5.95
126,Maxixe,MZ,2022-03-22 13:16:37,-23.8597,35.3472,78.62,78,75,10.36
127,Dayong,CN,2022-03-22 13:16:37,25.0209,118.2898,59.18,85,100,2.24
128,Pevek,RU,2022-03-22 13:16:38,69.7008,170.3133,24.12,77,100,25.72
129,Hobart,AU,2022-03-22 13:16:03,-42.8794,147.3294,57.06,73,16,13.8
130,Upernavik,GL,2022-03-22 13:14:23,72.7868,-56.1549,-10.23,68,100,6.24
131,Port Lincoln,AU,2022-03-22 13:16:38,-34.7333,135.8667,62.26,88,0,12.91
132,Smoky Lake,CA,2022-03-22 13:16:39,54.1169,-112.4686,21.92,93,90,4.61
133,Manono,CD,2022-03-22 13:16:39,-7.3,27.4167,71.98,94,97,6.31
134,La Union,PE,2022-03-22 13:16:40,-5.4,-80.75,73.58,70,99,10.85
135,Le Locle,CH,2022-03-22 13:16:40,47.0595,6.7523,55.35,46,20,6.91
136,Taoudenni,ML,2022-03-22 13:16:40,22.6783,-3.9836,89.94,9,0,14.34
137,Dekar,BW,2022-03-22 13:16:41,-21.5333,21.9333,83.19,28,6,11.54
138,Biloela,AU,2022-03-22 13:16:41,-24.4167,150.5,68.79,84,0,4.36
139,Tuktoyaktuk,CA,2022-03-22 13:16:42,69.4541,-133.0374,-16.6,76,75,5.75
140,Inhambane,MZ,2022-03-22 13:16:42,-23.865,35.3833,78.78,78,75,10.36
141,Oudtshoorn,ZA,2022-03-22 13:16:42,-33.5907,22.2014,71.96,36,2,13.29
142,Oranjemund,NA,2022-03-22 13:16:43,-28.55,16.4333,67.73,81,41,12.62
143,Lat Yao,TH,2022-03-22 13:16:43,15.751,99.7893,91.76,43,100,12.1
144,Real,PH,2022-03-22 13:16:44,14.6625,121.6047,78.51,91,54,5.59
145,Cape Town,ZA,2022-03-22 13:16:19,-33.9258,18.4232,91.11,46,0,16.11
146,Katherine,AU,2022-03-22 13:16:44,-14.4667,132.2667,88.12,48,75,10.36
147,Toktogul,KG,2022-03-22 13:16:44,41.8708,72.9402,42.33,97,100,1.39
148,Hilo,US,2022-03-22 13:16:45,19.7297,-155.09,70.25,88,0,5.75
149,Shingu,JP,2022-03-22 13:16:45,33.7333,135.9833,41.2,84,100,6.33
150,Shache,CN,2022-03-22 13:16:45,38.4167,77.2406,60.85,26,55,7.02
151,Ulaangom,MN,2022-03-22 13:16:46,49.9811,92.0667,1.36,98,90,4.05
152,Georgetown,MY,2022-03-22 13:16:46,5.4112,100.3354,85.95,77,20,4.61
153,Bat Yam,IL,2022-03-22 13:16:47,32.0231,34.7503,61.02,43,20,9.22
154,Bontang,ID,2022-03-22 13:16:47,0.1333,117.5,77.58,87,100,3.47
155,Nome,US,2022-03-22 13:16:47,64.5011,-165.4064,-2.13,78,0,0.0
156,Bredasdorp,ZA,2022-03-22 13:16:48,-34.5322,20.0403,74.07,67,93,16.49
157,Serenje,ZM,2022-03-22 13:16:48,-13.2325,30.2352,66.02,82,100,9.06
158,Dingle,PH,2022-03-22 13:16:49,10.9995,122.6711,79.12,80,29,6.24
159,Kenora,CA,2022-03-22 13:16:49,49.8167,-94.4337,31.17,100,100,8.05
160,Yellowknife,CA,2022-03-22 13:15:05,62.456,-114.3525,-1.59,84,20,10.36
161,Carnarvon,AU,2022-03-22 13:16:50,-24.8667,113.6333,78.87,78,96,13.8
162,Karatuzskoye,RU,2022-03-22 13:16:50,53.6072,92.8667,24.49,90,100,4.07
163,Gummidipundi,IN,2022-03-22 13:16:50,13.4,80.15,89.6,72,69,10.02
164,Diplo,PK,2022-03-22 13:16:51,24.4667,69.584,84.81,26,2,16.08
165,Itarema,BR,2022-03-22 13:14:38,-2.9248,-39.9167,82.51,76,99,11.27
166,Toora-Khem,RU,2022-03-22 13:16:51,52.4675,96.11,11.12,95,94,1.66
167,Nantucket,US,2022-03-22 13:16:52,41.2835,-70.0995,42.94,45,0,19.57
168,Surat,IN,2022-03-22 13:16:51,21.1667,72.8333,93.18,22,40,6.91
169,Ust-Omchug,RU,2022-03-22 13:16:52,61.15,149.6333,8.71,96,100,4.76
170,Lorengau,PG,2022-03-22 13:16:52,-2.0226,147.2712,81.91,76,52,5.37
171,Hualmay,PE,2022-03-22 13:16:53,-11.0964,-77.6139,70.45,83,9,7.92
172,Tonantins,BR,2022-03-22 13:16:53,-2.8731,-67.8022,74.21,95,100,1.86
173,Buala,SB,2022-03-22 13:16:54,-8.145,159.5921,80.73,78,100,2.73
174,Hervey Bay,AU,2022-03-22 13:12:11,-25.2986,152.8535,71.02,83,0,14.0
175,Chelno-Vershiny,RU,2022-03-22 13:16:54,54.4333,51.1,30.87,88,73,11.77
176,Sao Joao Da Barra,BR,2022-03-22 13:16:55,-21.6403,-41.0511,75.29,66,92,15.08
177,Limon,CR,2022-03-22 13:16:55,10.0,-83.0333,73.29,88,75,0.0
178,Muroto,JP,2022-03-22 13:16:55,33.2833,134.15,50.94,68,100,18.05
179,Fuxin,CN,2022-03-22 13:16:56,42.0156,121.6589,37.44,38,100,8.05
180,Forecariah,GN,2022-03-22 13:16:57,9.4306,-13.0881,100.2,25,7,6.17
181,Iglesias,IT,2022-03-22 13:16:57,39.3114,8.535,58.73,48,46,15.14
182,Erenhot,CN,2022-03-22 13:16:57,43.6475,111.9767,37.47,26,43,11.12
183,Tiksi,RU,2022-03-22 13:16:58,71.6872,128.8694,-16.96,99,82,3.8
184,Nizhneangarsk,RU,2022-03-22 13:16:58,55.7833,109.55,8.37,84,100,5.1
185,Tvoroyri,FO,2022-03-22 13:16:59,61.5556,-6.8111,47.26,83,91,20.33
186,Long,TH,2022-03-22 13:16:59,18.0761,99.8326,89.31,63,49,0.63
187,Valparaiso,CL,2022-03-22 13:15:26,-33.0393,-71.6273,61.03,70,0,4.61
188,Ilulissat,GL,2022-03-22 13:17:00,69.2167,-51.1,1.42,55,75,3.44
189,Xinmin,CN,2022-03-22 13:17:00,41.9908,122.8253,39.2,33,100,12.44
190,Matnog,PH,2022-03-22 13:17:01,12.5878,124.0875,80.46,88,78,11.92
191,Sao Filipe,CV,2022-03-22 13:17:01,14.8961,-24.4956,71.04,72,2,11.74
192,Ngama,TD,2022-03-22 13:17:01,11.7833,17.1667,107.17,5,100,9.28
193,Changtu,CN,2022-03-22 13:17:02,42.7788,124.0955,35.69,49,100,8.48
194,Jorhat,IN,2022-03-22 13:17:02,26.75,94.2167,86.81,29,5,5.12
195,Havre-Saint-Pierre,CA,2022-03-22 13:17:03,50.2334,-63.5986,32.36,80,100,11.5
196,Igarka,RU,2022-03-22 13:17:03,67.4667,86.5833,-5.84,100,50,2.55
197,Paamiut,GL,2022-03-22 13:17:03,61.994,-49.6678,18.73,61,100,4.14
198,Pisco,PE,2022-03-22 13:17:04,-13.7,-76.2167,69.85,78,23,2.3
199,Tezu,IN,2022-03-22 13:17:05,27.9167,96.1667,79.48,34,2,4.68
200,Castro,BR,2022-03-22 13:13:13,-24.7911,-50.0119,64.56,75,58,11.36
201,Sarakhs,IR,2022-03-22 13:17:05,36.5449,61.1577,59.14,47,75,0.0
202,New Norfolk,AU,2022-03-22 13:17:06,-42.7826,147.0587,56.7,60,11,5.99
203,General Higinio Morinigo,PY,2022-03-22 13:17:06,-25.95,-55.9167,76.48,57,63,11.18
204,Luderitz,NA,2022-03-22 13:17:06,-26.6481,15.1594,75.34,64,0,18.9
205,Santa Maria,BR,2022-03-22 13:17:07,-29.6842,-53.8069,77.77,53,3,9.24
206,Mattawa,US,2022-03-22 13:17:07,46.7379,-119.9028,44.26,96,100,1.01
207,Naron,ES,2022-03-22 13:17:08,43.5167,-8.1528,65.68,76,98,5.5
208,Nshamba,TZ,2022-03-22 13:17:08,-1.7983,31.5511,71.26,66,56,4.43
209,Cayenne,GF,2022-03-22 13:17:08,4.9333,-52.3333,75.09,1,75,9.22
210,Zamora,EC,2022-03-22 13:17:09,-4.0692,-78.9567,69.04,98,100,0.63
211,Auki,SB,2022-03-22 13:17:09,-8.7676,160.7034,78.8,85,83,2.73
212,Listvyagi,RU,2022-03-22 13:17:10,53.6772,86.951,24.33,73,100,13.2
213,Asmara,ER,2022-03-22 13:13:30,15.3333,38.9333,72.27,33,16,6.33
214,Sabang,ID,2022-03-22 13:13:14,5.8933,95.3214,84.11,73,46,14.76
215,Moses Lake,US,2022-03-22 13:16:51,47.1301,-119.2781,44.96,87,100,3.44
216,Dongsheng,CN,2022-03-22 13:17:11,39.8161,109.9776,33.15,64,0,10.25
217,San Cristobal,VE,2022-03-22 13:17:11,7.7669,-72.225,68.18,67,51,3.8
218,Touros,BR,2022-03-22 13:17:11,-5.1989,-35.4608,85.71,64,56,10.2
219,Huambo,AO,2022-03-22 13:17:12,-12.7761,15.7392,73.92,68,78,2.64
220,Cam Ranh,VN,2022-03-22 13:17:12,11.9214,109.1591,80.56,78,20,2.3
221,Lufilufi,WS,2022-03-22 13:17:13,-13.8745,-171.5986,76.78,79,41,15.59
222,Tucurui,BR,2022-03-22 13:17:13,-3.7661,-49.6725,77.79,87,100,3.02
223,Jardim,BR,2022-03-22 13:17:13,-21.4803,-56.1381,81.28,63,0,9.42
224,Norman Wells,CA,2022-03-22 13:17:14,65.282,-126.8329,-23.76,69,20,3.44
225,Tangjiazhuang,CN,2022-03-22 13:17:14,39.7333,118.45,41.58,45,100,9.53
226,Sawtell,AU,2022-03-22 13:17:15,-30.3833,153.1,66.22,88,36,6.91
227,Henties Bay,NA,2022-03-22 13:17:15,-22.116,14.2845,72.03,77,26,12.3
228,Agidel,RU,2022-03-22 13:17:15,55.9077,53.9355,30.78,88,94,13.51
229,Saint-Pierre,RE,2022-03-22 13:17:16,-21.3393,55.4781,82.9,84,0,20.71
230,Vidim,RU,2022-03-22 13:17:16,56.4088,103.1106,8.83,98,100,3.24
231,Lagoa,PT,2022-03-22 13:17:17,39.05,-27.9833,58.26,74,100,15.93
232,Floro,NO,2022-03-22 13:17:17,61.5996,5.0328,46.36,61,20,5.75
233,Bani Walid,LY,2022-03-22 13:17:18,31.7566,13.9942,59.38,36,53,9.53
234,Kutum,SD,2022-03-22 13:17:18,14.2,24.6667,90.9,6,100,6.4
235,Hurghada,EG,2022-03-22 13:14:42,27.2574,33.8129,68.41,44,0,25.39
236,Abhayapuri,IN,2022-03-22 13:17:19,26.3333,90.6667,89.58,28,83,5.88
237,Berlevag,NO,2022-03-22 13:17:19,70.8578,29.0864,33.75,86,100,21.85
238,Broken Hill,AU,2022-03-22 13:17:20,-31.95,141.4333,71.89,60,100,18.14
239,Rock Springs,US,2022-03-22 13:17:20,41.5875,-109.2029,27.05,71,100,9.22
240,Kaeo,NZ,2022-03-22 13:17:21,-35.1,173.7833,68.32,95,18,4.83
241,Mogok,MM,2022-03-22 13:17:21,22.9167,96.5,66.76,84,100,4.03
242,Volodarskiy,RU,2022-03-22 13:17:22,46.4013,48.5409,45.99,35,5,15.03
243,San Policarpo,PH,2022-03-22 13:17:22,12.1791,125.5072,80.69,84,99,8.05
244,Chokurdakh,RU,2022-03-22 13:17:23,70.6333,147.9167,4.26,96,100,6.44
245,Constitucion,CL,2022-03-22 13:17:23,-35.3333,-72.4167,58.75,67,0,5.01
246,Salym,RU,2022-03-22 13:17:23,60.0625,71.4789,22.21,95,100,3.87
247,Soissons,FR,2022-03-22 13:17:24,49.3333,3.3333,64.42,37,6,4.88
248,Coihaique,CL,2022-03-22 13:16:08,-45.5752,-72.0662,51.75,82,100,6.91
249,Agirish,RU,2022-03-22 13:17:24,61.9247,63.0231,25.65,95,100,10.42
250,Montlucon,FR,2022-03-22 13:17:25,46.3333,2.6,62.71,40,0,1.01
251,Portland,US,2022-03-22 13:17:05,45.5234,-122.6762,53.2,96,100,4.61
252,Provideniya,RU,2022-03-22 13:17:25,64.3833,-173.3,8.6,89,36,4.43
253,Atherton,GB,2022-03-22 13:14:34,53.5237,-2.4935,65.59,59,100,8.68
254,Hutang,CN,2022-03-22 13:17:26,31.5333,119.4833,43.95,91,100,5.39
255,Bilibino,RU,2022-03-22 13:17:26,68.0546,166.4372,5.77,96,100,4.29
256,Pochutla,MX,2022-03-22 13:17:27,15.7432,-96.4661,75.81,67,26,4.18
257,Tamandare,BR,2022-03-22 13:17:27,-8.7597,-35.1047,81.99,75,93,6.46
258,Ostrovnoy,RU,2022-03-22 13:17:28,68.0531,39.5131,32.99,73,100,32.44
259,Vila Velha,BR,2022-03-22 13:17:28,-20.3297,-40.2925,78.75,69,75,12.66
260,Santo Domingo,DO,2022-03-22 13:15:19,18.5001,-69.9886,78.04,81,20,5.75
261,Marawi,PH,2022-03-22 13:17:29,7.9986,124.2928,69.33,98,100,2.46
262,Mariental,NA,2022-03-22 13:17:29,-24.6333,17.9667,89.22,19,1,9.57
263,Peleduy,RU,2022-03-22 13:17:29,59.6289,112.7406,22.84,94,100,5.3
264,Kavieng,PG,2022-03-22 13:17:30,-2.5744,150.7967,81.77,79,100,10.71
265,Asau,RO,2022-03-22 13:17:30,46.4333,26.4,58.28,45,0,17.0
266,Belaya Gora,RU,2022-03-22 13:17:30,68.5333,146.4167,-8.0,100,100,3.36
267,Nishihara,JP,2022-03-22 13:17:31,26.1842,127.7558,67.28,74,75,9.22
268,Yuzhnyy,RU,2022-03-22 13:17:31,53.2542,83.6936,26.98,86,75,15.66
269,Uppsala,SE,2022-03-22 13:17:32,60.0,17.75,49.51,43,0,10.36
270,Yulara,AU,2022-03-22 13:17:32,-25.2406,130.9889,85.84,20,85,8.05
271,Karratha,AU,2022-03-22 13:17:32,-20.7377,116.8463,88.12,52,100,20.8
272,Cobija,BO,2022-03-22 13:17:33,-11.0267,-68.7692,77.18,94,75,0.0
273,Matagami,CA,2022-03-22 13:17:33,49.7502,-77.6328,8.71,78,100,13.8
274,Novyy Urengoy,RU,2022-03-22 13:16:41,66.0833,76.6333,4.5,94,100,8.37
275,Juneau,US,2022-03-22 13:15:32,58.3019,-134.4197,42.98,95,100,18.41
276,Ca Mau,VN,2022-03-22 13:17:34,9.1769,105.15,81.3,74,74,7.02
277,Praia,CV,2022-03-22 13:17:34,14.9215,-23.5087,77.54,50,20,25.32
278,Nambucca Heads,AU,2022-03-22 13:17:34,-30.65,153.0,66.2,86,22,5.64
279,College,US,2022-03-22 13:17:35,64.8569,-147.8028,-7.62,66,0,6.91
280,Fortuna,US,2022-03-22 13:17:35,40.5982,-124.1573,47.66,95,100,5.75
281,Lalmohan,BD,2022-03-22 13:17:36,22.3384,90.7419,79.12,79,13,12.91
282,Teguise,ES,2022-03-22 13:17:36,29.0605,-13.564,66.42,49,40,12.66
283,Votice,CZ,2022-03-22 13:17:36,49.6401,14.6381,61.52,30,0,15.21
284,Kikwit,CD,2022-03-22 13:17:37,-5.041,18.8162,71.06,94,100,5.91
285,Vila Franca Do Campo,PT,2022-03-22 13:17:37,37.7167,-25.4333,62.2,65,69,16.08
286,Rayevskiy,RU,2022-03-22 13:17:38,54.0658,54.9468,29.5,86,78,8.14
287,San Patricio,US,2022-03-22 13:17:38,28.017,-97.5169,65.89,71,27,12.19
288,Tignere,CM,2022-03-22 13:17:38,7.3667,12.65,96.35,9,81,7.02
289,Dogondoutchi,NE,2022-03-22 13:17:39,13.6393,4.0287,104.68,7,9,9.93
290,Hay River,CA,2022-03-22 13:15:31,60.8156,-115.7999,12.18,79,75,5.75
291,Puerto Ayacucho,VE,2022-03-22 13:17:39,5.6639,-67.6236,80.76,68,15,2.64
292,Tessalit,ML,2022-03-22 13:17:40,20.1986,1.0114,89.35,6,0,12.59
293,Palmas,BR,2022-03-22 13:17:40,-10.2128,-48.3603,82.27,74,75,4.61
294,Mahebourg,MU,2022-03-22 13:17:40,-20.4081,57.7,84.49,84,40,6.91
295,Biak,ID,2022-03-22 13:17:41,-0.9131,122.8766,77.88,84,86,3.38
296,Pacific Grove,US,2022-03-22 13:16:20,36.6177,-121.9166,57.54,85,0,3.44
297,Bekhtery,UA,2022-03-22 13:17:41,46.251,32.2927,48.69,48,74,14.65
298,Ambulu,ID,2022-03-22 13:17:42,-8.345,113.6058,75.9,95,100,5.19
299,Lagos,NG,2022-03-22 13:15:03,6.5833,3.75,94.6,50,100,10.29
300,Uchiza,PE,2022-03-22 13:17:42,-8.4592,-76.4633,72.66,87,69,1.74
301,Turhal,TR,2022-03-22 13:17:43,40.3875,36.0811,41.25,59,98,9.24
302,Kargasok,RU,2022-03-22 13:17:43,59.0556,80.8572,17.29,97,100,2.15
303,Ilinge,ZA,2022-03-22 13:17:43,-31.9768,27.0427,81.12,25,63,11.83
304,Ruteng,ID,2022-03-22 13:17:44,-8.6136,120.4721,63.81,95,100,1.14
305,Kruisfontein,ZA,2022-03-22 13:17:44,-34.0033,24.7314,81.88,54,0,12.59
306,Port-Gentil,GA,2022-03-22 13:17:45,-0.7193,8.7815,81.68,78,100,10.33
307,Udachnyy,RU,2022-03-22 13:17:45,66.4167,112.4,-9.92,100,51,3.69
308,Isangel,VU,2022-03-22 13:17:46,-19.55,169.2667,78.69,84,100,1.52
309,San Jose,US,2022-03-22 13:15:34,37.3394,-121.895,61.21,78,0,1.99
310,Port Elizabeth,ZA,2022-03-22 13:17:46,-33.918,25.5701,84.09,73,0,9.22
311,Nouadhibou,MR,2022-03-22 13:15:44,20.931,-17.0347,73.38,56,0,13.8
312,Bulancak,TR,2022-03-22 13:17:47,40.9372,38.2291,44.42,70,75,3.44
313,Santa Rosalia,MX,2022-03-22 13:17:47,27.3167,-112.2833,61.14,32,0,4.63
314,Ishigaki,JP,2022-03-22 13:17:47,24.3448,124.1572,71.73,94,100,13.8
315,Nang Rong,TH,2022-03-22 13:17:48,14.6377,102.7914,84.38,64,58,5.99
316,Hit,IQ,2022-03-22 13:17:48,33.6416,42.8251,64.96,34,0,12.48
317,Mountain Home,US,2022-03-22 13:13:11,43.133,-115.6912,35.71,68,58,4.32
318,Tigil,RU,2022-03-22 13:17:49,57.8,158.6667,14.9,90,100,6.6
319,Taree,AU,2022-03-22 13:17:50,-31.9,152.4667,64.33,100,100,0.0
320,Gold Coast,AU,2022-03-22 13:16:00,-28.0,153.4333,71.01,90,0,0.0
321,Hasaki,JP,2022-03-22 13:17:51,35.7333,140.8333,37.29,67,99,26.24
322,Puerto Palomas,MX,2022-03-22 13:17:51,31.7667,-107.6167,39.92,69,0,4.47
323,The Valley,AI,2022-03-22 13:17:51,18.217,-63.0578,80.74,61,40,14.97
324,Broome,US,2022-03-22 13:17:52,42.2506,-75.833,37.02,57,0,8.05
325,Airai,TL,2022-03-22 13:17:52,-8.9266,125.4092,61.52,94,100,1.34
326,Bubaque,GW,2022-03-22 13:17:52,11.2833,-15.8333,78.37,47,71,4.5
327,Guerrero Negro,MX,2022-03-22 13:17:53,27.9769,-114.0611,55.81,86,0,7.23
328,Lodja,CD,2022-03-22 13:17:53,-3.4833,23.4333,70.03,99,100,0.94
329,Bonthe,SL,2022-03-22 13:17:53,7.5264,-12.505,87.33,57,100,12.17
330,Dillon,US,2022-03-22 13:13:26,34.4166,-79.3712,54.25,67,100,4.81
331,Gamba,GA,2022-03-22 13:17:54,-2.65,10.0,81.81,78,100,5.26
332,Meulaboh,ID,2022-03-22 13:13:38,4.1363,96.1285,79.93,81,98,4.18
333,Imbituba,BR,2022-03-22 13:17:55,-28.24,-48.6703,67.82,80,88,11.36
334,Necochea,AR,2022-03-22 13:17:55,-38.5473,-58.7368,64.72,77,10,13.69
335,Huilong,CN,2022-03-22 13:17:55,31.8111,121.655,46.92,78,100,6.22
336,Moroni,KM,2022-03-22 13:17:56,-11.7022,43.2551,82.2,78,100,3.56
337,Mareeba,AU,2022-03-22 13:17:56,-17.0,145.4333,72.32,97,42,2.04
338,Srednekolymsk,RU,2022-03-22 13:17:57,67.45,153.6833,11.93,96,100,4.79
339,Greenville,US,2022-03-22 13:15:07,35.6127,-77.3663,56.12,69,0,4.61
340,Loknya,RU,2022-03-22 13:17:57,56.83,30.1467,44.76,75,0,5.1
341,Poum,NC,2022-03-22 13:17:57,-20.2333,164.0167,79.95,75,99,13.13
342,San Vicente,AR,2022-03-22 13:17:58,-26.6167,-54.1333,75.42,48,68,7.18
343,Bambous Virieux,MU,2022-03-22 13:17:58,-20.3428,57.7575,84.45,84,40,6.91
344,North Bend,US,2022-03-22 13:17:59,43.4065,-124.2243,51.93,100,100,0.0
345,Padang,ID,2022-03-22 13:17:59,-0.9492,100.3543,84.25,83,22,2.19
346,Coquimbo,CL,2022-03-22 13:17:59,-29.9533,-71.3436,58.73,94,75,8.05
347,Santa Lucia,ES,2022-03-22 13:18:00,27.9117,-15.5407,61.92,56,20,23.02
348,Vanimo,PG,2022-03-22 13:18:00,-2.6741,141.3028,80.02,80,100,4.07
349,Sinnamary,GF,2022-03-22 13:18:00,5.3833,-52.95,78.84,87,64,7.52
350,Iisalmi,FI,2022-03-22 13:18:01,63.5592,27.1907,41.56,81,3,6.73
351,Jalu,LY,2022-03-22 13:18:01,29.0331,21.5482,60.91,28,6,11.65
352,Korla,CN,2022-03-22 13:18:02,41.7597,86.1469,50.76,49,91,7.83
353,Mpulungu,ZM,2022-03-22 13:18:02,-8.7623,31.1141,79.7,74,54,4.27
354,Staryy Nadym,RU,2022-03-22 13:18:03,65.6118,72.6842,12.18,93,100,11.74
355,Livingstonia,MW,2022-03-22 13:18:03,-10.606,34.1063,68.43,87,84,8.77
356,Dombarovskiy,RU,2022-03-22 13:18:04,50.7587,59.5386,21.67,91,6,5.57
357,Slave Lake,CA,2022-03-22 13:18:04,55.2834,-114.769,22.98,93,0,3.44
358,Tura,IN,2022-03-22 13:18:04,25.5198,90.2201,80.33,32,26,3.31
359,Trincomalee,LK,2022-03-22 13:18:05,8.5711,81.2335,82.49,81,22,3.67
360,Bowen,AU,2022-03-22 13:18:06,-20.0167,148.2333,77.31,70,1,10.16
361,Bemidji,US,2022-03-22 13:18:06,47.4736,-94.8803,34.05,98,100,0.0
362,Bambanglipuro,ID,2022-03-22 13:18:06,-7.95,110.2833,79.38,84,100,4.38
363,Nuuk,GL,2022-03-22 13:18:07,64.1835,-51.7216,14.61,67,75,11.5
364,Angoche,MZ,2022-03-22 13:18:08,-16.2325,39.9086,81.19,78,81,11.03
365,Myitkyina,MM,2022-03-22 13:18:08,25.3833,97.4,82.35,27,8,0.94
366,Porto Novo,BJ,2022-03-22 13:18:09,6.4965,2.6036,92.12,55,99,12.46
367,Port Hawkesbury,CA,2022-03-22 13:18:09,45.6169,-61.3485,31.59,70,100,23.02
368,Cherskiy,RU,2022-03-22 13:18:09,68.75,161.3,16.0,84,97,10.18
369,Thisted,DK,2022-03-22 13:18:10,56.9552,8.6949,56.19,57,52,6.6
370,Ayan,RU,2022-03-22 13:18:10,56.45,138.1667,12.76,73,99,8.32
371,Saint-Joseph,RE,2022-03-22 13:18:11,-21.3667,55.6167,80.98,86,44,11.65
372,Khorixas,NA,2022-03-22 13:18:11,-20.3667,14.9667,86.34,38,100,15.37
373,Miramar,US,2022-03-22 13:15:24,25.9873,-80.2323,77.02,68,20,18.41
374,Bwanga,TZ,2022-03-22 13:18:12,-3.0308,31.7601,75.54,66,100,4.68
375,New Ulm,US,2022-03-22 13:18:12,44.3125,-94.4605,39.43,94,100,11.5
376,Grand-Santi,GF,2022-03-22 13:18:13,4.25,-54.3833,77.27,92,74,2.17
377,Labuhan,ID,2022-03-22 13:18:13,-6.8844,112.2051,80.69,79,100,6.8
378,Soe,ID,2022-03-22 13:18:13,-9.8607,124.284,67.57,95,100,2.24
379,Havelock,US,2022-03-22 13:18:14,34.8791,-76.9013,60.94,77,75,3.44
380,Camacha,PT,2022-03-22 13:18:14,33.0833,-16.3333,60.22,67,40,13.8
381,Mbini,GQ,2022-03-22 13:18:15,1.574,9.6134,86.94,66,100,12.1
382,Puerto Leguizamo,CO,2022-03-22 13:18:15,-0.1934,-74.7819,75.04,88,87,1.81
383,Wanaka,NZ,2022-03-22 13:13:16,-44.7,169.15,58.1,83,19,1.01
384,West Odessa,US,2022-03-22 13:18:16,31.8424,-102.4988,40.41,65,100,13.8
385,Sioux Lookout,CA,2022-03-22 13:18:16,50.1001,-91.917,26.67,93,100,11.5
386,Kholm,RU,2022-03-22 13:18:16,59.2667,32.85,43.41,78,2,6.82
387,Ketchikan,US,2022-03-22 13:18:05,55.3422,-131.6461,46.87,87,100,23.02
388,Vao,NC,2022-03-22 13:18:17,-22.6667,167.4833,76.32,72,18,6.51
389,Najran,SA,2022-03-22 13:18:18,17.4924,44.1277,95.65,14,11,20.65
390,Huarmey,PE,2022-03-22 13:18:18,-10.0681,-78.1522,71.15,84,11,7.58
391,Beloha,MG,2022-03-22 13:18:18,-25.1667,45.05,86.74,39,0,15.57
392,Ninotsminda,GE,2022-03-22 13:18:19,41.2646,43.5916,27.66,91,100,3.58
393,Qaqortoq,GL,2022-03-22 13:18:19,60.7167,-46.0333,18.61,54,26,6.13
394,Sonoita,MX,2022-03-22 13:15:47,31.85,-112.8333,54.97,21,4,4.68
395,Baykit,RU,2022-03-22 13:18:20,61.67,96.37,17.67,97,100,1.88
396,Sao Gabriel Da Cachoeira,BR,2022-03-22 13:18:20,-0.1303,-67.0892,75.76,93,99,2.59
397,Ha Giang,VN,2022-03-22 13:18:20,22.8333,104.9833,78.42,91,100,1.5
398,Amazar,RU,2022-03-22 13:18:21,53.858,120.875,9.86,95,82,3.15
399,Pacasmayo,PE,2022-03-22 13:18:21,-7.4006,-79.5714,71.04,81,68,9.26
400,Richards Bay,ZA,2022-03-22 13:18:22,-28.783,32.0377,82.24,54,2,13.78
401,Gravdal,NO,2022-03-22 13:18:22,68.1214,13.5031,44.49,61,75,5.75
402,Derzhavinsk,KZ,2022-03-22 13:18:22,51.1,66.3167,24.49,94,98,10.78
403,Aklavik,CA,2022-03-22 13:18:23,68.2191,-135.0107,-9.4,77,100,4.61
404,Black River,JM,2022-03-22 13:18:24,18.0264,-77.8487,77.02,71,99,4.03
405,Sitio Novo Do Tocantins,BR,2022-03-22 13:18:24,-5.5183,-47.4611,73.33,88,100,2.3
406,Cedar City,US,2022-03-22 13:16:59,37.6775,-113.0619,35.4,55,100,9.22
407,Pita,GN,2022-03-22 13:18:24,10.8333,-12.5833,105.26,13,35,1.41
408,Cidreira,BR,2022-03-22 13:18:25,-30.1811,-50.2056,72.59,72,1,20.42
409,Samarai,PG,2022-03-22 13:18:25,-10.6167,150.6667,82.53,77,100,4.32
410,Tautira,PF,2022-03-22 13:18:26,-17.7333,-149.15,80.74,75,39,11.23
411,Faanui,PF,2022-03-22 13:18:26,-16.4833,-151.75,80.85,73,97,9.91
412,Shimoda,JP,2022-03-22 13:18:26,34.6667,138.95,37.11,87,100,20.09
413,Ankpa,NG,2022-03-22 13:18:27,7.3706,7.6253,102.34,23,100,2.59
414,Jasper,US,2022-03-22 13:15:53,37.2001,-94.3502,55.89,87,100,9.22
415,Mirpur Sakro,PK,2022-03-22 13:18:27,24.5474,67.6277,80.74,50,5,17.63
416,Pangody,RU,2022-03-22 13:18:28,65.85,74.4859,8.6,92,100,10.2
417,Severo-Kurilsk,RU,2022-03-22 13:18:28,50.6789,156.125,27.09,73,96,21.14
418,Lazaro Cardenas,MX,2022-03-22 13:18:29,17.9583,-102.2,70.38,77,59,5.06
419,Viedma,AR,2022-03-22 13:18:29,-40.8135,-62.9967,66.58,40,0,12.21
420,Calabozo,VE,2022-03-22 13:18:30,8.9242,-67.4293,81.75,53,63,11.61
421,La Ronge,CA,2022-03-22 13:18:30,55.1001,-105.2842,26.85,86,20,9.22
422,Kimbe,PG,2022-03-22 13:18:30,-5.5502,150.1429,76.75,91,100,1.32
423,Eureka,US,2022-03-22 13:17:18,40.8021,-124.1637,47.93,76,6,3.6
424,Shenzhen,CN,2022-03-22 13:18:16,22.5455,114.0683,80.08,96,59,10.63
425,Olafsvik,IS,2022-03-22 13:18:31,64.8945,-23.7142,36.88,94,100,19.06
426,Malakal,SS,2022-03-22 13:18:31,9.5334,31.6605,105.67,5,61,4.72
427,Namatanai,PG,2022-03-22 13:18:32,-3.6667,152.4333,80.24,81,100,6.62
428,Kembe,CF,2022-03-22 13:18:32,4.6228,21.8865,97.66,25,99,5.12
429,Roma,US,2022-03-22 13:18:32,43.2128,-75.4557,35.38,55,0,10.36
430,Mehamn,NO,2022-03-22 13:18:33,71.0357,27.8492,33.71,93,100,24.16
431,Gizo,SB,2022-03-22 13:18:33,-8.103,156.8419,82.65,74,13,4.88
432,Ambikapur,IN,2022-03-22 13:18:33,23.1167,83.2,81.46,11,18,8.57
433,Nyzhnya Duvanka,UA,2022-03-22 13:18:34,49.5846,38.1743,35.58,89,22,4.92
434,Talnakh,RU,2022-03-22 13:18:34,69.4865,88.3972,1.2,90,100,7.05
435,Laguna,US,2022-03-22 13:18:35,38.421,-121.4238,67.28,72,0,6.91
436,Ous,RU,2022-03-22 13:18:35,60.9058,61.5186,28.89,76,100,11.59
437,San Pedro,PH,2022-03-22 13:18:35,14.35,121.0167,85.35,76,20,4.61
438,Mount Isa,AU,2022-03-22 13:18:36,-20.7333,139.5,74.97,41,93,3.44
439,Zheleznodorozhnyy,RU,2022-03-22 13:18:36,55.7503,38.0042,53.78,72,0,8.93
440,Mingguang,CN,2022-03-22 13:18:36,32.7802,117.9638,46.78,80,100,4.79
441,Sisimiut,GL,2022-03-22 13:18:37,66.9395,-53.6735,2.61,94,100,4.05
442,Hauterive,FR,2022-03-22 13:18:37,46.0901,3.4459,61.75,24,0,9.24
443,Hirara,JP,2022-03-22 13:18:37,24.8,125.2833,70.99,87,100,19.26
444,Ondangwa,NA,2022-03-22 13:18:38,-17.9167,15.95,80.58,52,100,11.65
445,Ouargaye,BF,2022-03-22 13:18:38,11.5033,0.0572,104.18,6,99,10.04
446,Fria,GN,2022-03-22 13:18:39,10.4167,-13.5833,107.37,14,64,0.92
447,Pokrovsk,UA,2022-03-22 13:18:39,48.282,37.1758,44.02,40,0,12.77
448,Baghdad,IQ,2022-03-22 13:15:20,33.3406,44.4009,71.51,35,0,10.36
449,Kahului,US,2022-03-22 13:18:40,20.8947,-156.47,74.84,79,0,6.91
450,Svetlyy,RU,2022-03-22 13:18:40,54.675,20.1347,57.25,41,0,5.48
451,Siocon,PH,2022-03-22 13:18:40,7.7061,122.1353,79.52,87,51,3.51
452,Tabou,CI,2022-03-22 13:18:41,4.423,-7.3528,85.01,64,85,7.99
453,Taltal,CL,2022-03-22 13:18:41,-25.4,-70.4833,66.61,72,26,2.62
454,Assiniboia,CA,2022-03-22 13:18:41,49.6334,-105.9845,31.82,74,59,8.05
455,Menfi,IT,2022-03-22 13:18:42,37.6066,12.9678,57.9,59,37,7.43
456,Fort Nelson,CA,2022-03-22 13:18:42,58.8053,-122.7002,17.19,79,100,5.75
457,Simpang,ID,2022-03-22 13:18:42,-1.2667,104.0833,78.73,85,86,3.67
458,Mangaldai,IN,2022-03-22 13:18:43,26.4333,92.0333,86.9,29,18,3.71
459,Victor Harbor,AU,2022-03-22 13:18:43,-35.5667,138.6167,64.0,84,67,1.01
460,Quatre Cocos,MU,2022-03-22 13:18:44,-20.2078,57.7625,84.31,76,100,9.28
461,Bathsheba,BB,2022-03-22 13:18:44,13.2167,-59.5167,81.21,69,75,18.41
462,Alofi,NU,2022-03-22 13:18:44,-19.0595,-169.9187,76.89,94,100,1.14
463,Aviles,ES,2022-03-22 13:18:45,43.5547,-5.9248,66.76,50,91,11.01
464,Wahpeton,US,2022-03-22 13:18:45,46.2652,-96.6059,34.52,93,0,6.91
465,Kamenka,RU,2022-03-22 13:18:46,51.3223,42.7678,31.71,97,39,7.61
466,Evensk,RU,2022-03-22 13:18:46,61.95,159.2333,26.42,97,100,10.33
467,Itirucu,BR,2022-03-22 13:18:46,-13.5317,-40.1503,77.47,58,31,7.05
468,Lidkoping,SE,2022-03-22 13:18:47,58.5052,13.1577,52.41,45,2,11.39
469,Santa Cruz Cabralia,BR,2022-03-22 13:18:47,-16.2781,-39.0247,79.03,89,75,6.91
470,Rio Grande City,US,2022-03-22 13:18:48,26.3798,-98.8203,61.11,30,0,8.93
471,Haines Junction,CA,2022-03-22 13:18:48,60.7522,-137.5108,15.75,79,100,10.36
472,Ucluelet,CA,2022-03-22 13:18:48,48.9329,-125.5528,48.51,93,100,1.01
473,Luangwa,ZM,2022-03-22 13:18:49,-15.6167,30.4167,84.72,46,20,7.11
474,Zhob,PK,2022-03-22 13:18:49,31.3411,69.4481,77.32,9,0,13.09
475,Maykor,RU,2022-03-22 13:18:50,59.0059,55.88,32.45,96,100,12.06
476,Margate,GB,2022-03-22 13:18:50,51.3813,1.3862,62.11,75,8,6.82
477,Grand Gaube,MU,2022-03-22 13:18:50,-20.0064,57.6608,84.6,79,100,7.0
478,Hongjiang,CN,2022-03-22 13:18:51,27.11,109.9956,46.15,95,98,4.36
479,Mora,CM,2022-03-22 13:18:51,11.0461,14.1401,102.9,7,87,4.54
480,Bikaner,IN,2022-03-22 13:18:52,28.0167,73.3,93.92,8,0,9.06
481,Nyurba,RU,2022-03-22 13:18:52,63.2842,118.3319,12.83,97,98,4.7
482,Kalmunai,LK,2022-03-22 13:18:53,7.4167,81.8167,81.73,84,49,9.75
483,Hermiston,US,2022-03-22 13:15:35,45.8404,-119.2895,51.8,90,100,0.0
484,Islamkot,PK,2022-03-22 13:18:53,24.6997,70.177,88.9,9,5,17.05
485,Changli,CN,2022-03-22 13:18:53,39.7042,119.1506,41.47,46,100,9.13
486,Garchitorena,PH,2022-03-22 13:18:54,13.8804,123.6946,79.7,89,19,3.42
487,Newry,GB,2022-03-22 13:18:54,54.1784,-6.3374,55.11,71,91,12.03
488,Manesti,RO,2022-03-22 13:18:55,44.8667,25.85,59.9,28,0,20.49
489,Santa Ines,BR,2022-03-22 13:18:55,-3.6667,-45.38,76.59,94,99,2.1
490,Palmer,US,2022-03-22 13:18:55,42.1584,-72.3287,40.44,39,0,11.5
491,Bajil,YE,2022-03-22 13:18:56,15.0584,43.2851,92.43,47,85,12.66
492,Tuatapere,NZ,2022-03-22 13:18:56,-46.1333,167.6833,55.98,88,0,2.17
493,Zhigansk,RU,2022-03-22 13:18:57,66.7697,123.3711,-8.45,100,76,2.86
494,Bonavista,CA,2022-03-22 13:18:57,48.6499,-53.1147,32.4,76,100,25.46
495,Asilah,MA,2022-03-22 13:18:58,35.465,-6.0348,66.16,69,100,5.97
496,Bayevo,RU,2022-03-22 13:18:58,53.2833,80.7667,22.96,93,100,10.85
497,Mayo,US,2022-03-22 13:18:58,38.8876,-76.5119,56.61,60,0,5.99
498,Naryan-Mar,RU,2022-03-22 13:18:59,67.6713,53.087,27.64,78,100,26.62
499,Urengoy,RU,2022-03-22 13:18:59,65.9667,78.3667,-1.52,97,59,6.44
500,Poitiers,FR,2022-03-22 13:19:00,46.5833,0.3333,64.26,40,0,10.36
501,Ust-Nera,RU,2022-03-22 13:19:00,64.5667,143.2,0.01,98,100,4.7
502,Kushima,JP,2022-03-22 13:19:01,31.4583,131.2333,54.37,73,100,11.79
503,Dubrovka,RU,2022-03-22 13:19:01,53.6907,33.5071,38.07,98,77,5.95
504,Paredon,MX,2022-03-22 13:19:01,16.0333,-93.8667,78.44,69,24,4.38
505,Mezen,RU,2022-03-22 13:19:02,65.8522,44.24,31.93,74,29,15.48
506,Honningsvag,NO,2022-03-22 13:19:02,70.9821,25.9704,33.55,86,100,14.97
507,Umm Lajj,SA,2022-03-22 13:19:02,25.0213,37.2685,71.76,61,0,16.44
508,Kigoma,TZ,2022-03-22 13:19:03,-4.8769,29.6267,77.43,72,93,4.14
509,Yurimaguas,PE,2022-03-22 13:19:03,-5.9,-76.0833,73.56,100,100,0.29
510,Arman,RU,2022-03-22 13:19:04,59.7,150.1667,19.02,94,100,5.86
511,Kerman,IR,2022-03-22 13:19:04,30.2832,57.0788,75.06,13,20,18.41
512,Batticaloa,LK,2022-03-22 13:19:04,7.7102,81.6924,81.66,84,96,11.27
513,Hobyo,SO,2022-03-22 13:19:05,5.3505,48.5268,82.42,64,8,9.26
514,Qui Nhon,VN,2022-03-22 13:19:05,13.7667,109.2333,78.49,88,2,7.02
515,Tarija,BO,2022-03-22 13:19:06,-21.5355,-64.7296,67.91,73,40,0.0
516,Scarborough,GB,2022-03-22 13:14:41,54.2797,-0.4044,61.34,64,94,13.0
517,Burla,IN,2022-03-22 13:19:06,21.5,83.8667,90.34,18,53,1.79
518,Vestmanna,FO,2022-03-22 13:19:06,62.1564,-7.1664,47.32,81,100,17.27
519,Altay,CN,2022-03-22 13:19:07,47.8667,88.1167,22.89,86,22,6.85
520,Garowe,SO,2022-03-22 13:19:07,8.4054,48.4845,95.94,17,4,7.47
521,Jian,CN,2022-03-22 13:19:08,27.1172,114.9793,49.66,90,100,8.52
522,Kendari,ID,2022-03-22 13:19:08,-3.945,122.4989,77.94,85,99,1.32
523,Lavrentiya,RU,2022-03-22 13:19:08,65.5833,-171.0,0.21,92,56,2.59
524,Muravlenko,RU,2022-03-22 13:19:09,63.7898,74.523,0.97,94,18,4.05
525,Saint-Augustin,CA,2022-03-22 13:19:09,51.226,-58.6502,31.77,84,100,22.79
526,Bulungu,CD,2022-03-22 13:19:10,-4.55,18.6,70.14,93,100,4.79
527,Pueblo Nuevo,MX,2022-03-22 13:19:10,23.3833,-105.3833,39.52,23,48,6.13
528,Tanout,NE,2022-03-22 13:19:10,14.9709,8.8879,97.02,7,4,12.17
529,Aksha,RU,2022-03-22 13:19:11,50.2814,113.2867,23.85,66,100,2.57
530,Karasjok,NO,2022-03-22 13:19:11,69.4719,25.5112,31.82,82,100,7.74
531,Mozhga,RU,2022-03-22 13:19:11,56.4447,52.2276,33.13,87,97,13.38
532,Manokwari,ID,2022-03-22 13:18:35,-0.8667,134.0833,78.46,84,100,9.57
533,Pangkalanbuun,ID,2022-03-22 13:19:12,-2.6833,111.6167,75.76,83,100,1.86
534,Glens Falls,US,2022-03-22 13:15:27,43.3095,-73.644,37.11,45,0,4.61
535,Hami,CN,2022-03-22 13:19:13,42.8,93.45,49.71,39,100,8.43
536,Genhe,CN,2022-03-22 13:19:13,50.7833,121.5167,10.0,99,100,1.28
537,Porbandar,IN,2022-03-22 13:19:13,21.6422,69.6093,84.24,39,5,17.4
538,Malpe,IN,2022-03-22 13:19:14,13.35,74.7167,85.3,72,22,7.2
539,Vanavara,RU,2022-03-22 13:19:14,60.34,102.2797,21.52,93,100,6.96
540,Pemangkat,ID,2022-03-22 13:19:15,1.1667,108.9667,80.31,72,100,3.47
541,Olinda,BR,2022-03-22 13:19:15,-8.0089,-34.8553,78.53,89,100,5.75
542,Invermere,CA,2022-03-22 13:19:16,50.5167,-116.0354,28.36,87,97,0.81
543,Nortelandia,BR,2022-03-22 13:19:16,-14.4547,-56.8028,81.75,72,18,5.82
544,Koumac,NC,2022-03-22 13:19:16,-20.5667,164.2833,77.32,80,100,8.55
545,Formosa,AR,2022-03-22 13:19:17,-26.1775,-58.1781,80.58,61,0,13.8
546,Alyangula,AU,2022-03-22 13:19:17,-13.8483,136.4192,83.79,72,100,11.41
547,Skjervoy,NO,2022-03-22 13:19:18,70.0311,20.9714,42.8,86,100,33.2
548,Rincon,US,2022-03-22 13:19:18,32.296,-81.2354,65.86,82,75,4.61
549,Mitsamiouli,KM,2022-03-22 13:19:19,-11.3847,43.2844,83.1,76,100,4.29
550,Langxiang,CN,2022-03-22 13:19:19,46.95,128.8833,15.19,91,7,3.47
551,Bereda,ES,2022-03-22 13:19:19,43.2686,-7.5406,62.15,59,99,6.78
552,Esperance,AU,2022-03-22 13:19:20,-33.8667,121.9,61.9,63,100,9.37
553,Adrar,MR,2022-03-22 13:19:20,20.5022,-10.0711,91.49,8,0,7.14
554,Anage,BR,2022-03-22 13:19:21,-14.6122,-41.1356,84.27,49,64,7.2
555,Neiafu,TO,2022-03-22 13:19:21,-18.65,-173.9833,81.28,83,75,0.0
556,Teknaf,BD,2022-03-22 13:19:21,20.8624,92.3058,76.86,81,100,1.9
557,Aki,JP,2022-03-22 13:19:22,33.5,133.9,44.65,79,100,7.81
558,Vokhtoga,RU,2022-03-22 13:19:22,58.8147,41.0461,41.05,87,16,8.23
559,Jutai,BR,2022-03-22 13:19:22,-5.1833,-68.9,74.17,93,100,1.34
560,Nipawin,CA,2022-03-22 13:19:23,53.3668,-104.0009,30.24,86,0,12.66
561,Porto Velho,BR,2022-03-22 13:16:43,-8.7619,-63.9039,77.05,94,75,3.44
562,Katiola,CI,2022-03-22 13:19:23,8.1333,-5.1,95.13,37,99,4.03
563,Xining,CN,2022-03-22 13:19:24,36.6167,101.7667,49.86,20,1,7.87
564,Nago,JP,2022-03-22 13:17:12,26.5881,127.9761,64.83,79,100,11.36
565,Gigmoto,PH,2022-03-22 13:17:25,13.7796,124.39,79.61,90,20,6.11
566,Odweyne,SO,2022-03-22 13:19:24,9.4092,45.064,91.15,20,2,6.78
567,Escanaba,US,2022-03-22 13:19:25,45.7453,-87.0646,34.25,69,100,16.11
568,Ogaminana,NG,2022-03-22 13:19:25,7.5946,6.2248,106.39,20,66,1.77
569,Guadalupe,MX,2022-03-22 13:19:25,25.6833,-100.25,69.21,20,0,9.22
