City_ID,City,Country,Lat,Lng,Max Temp,Humidity,Cloudiness,Wind Speed,Current Description,Date
0,Esperance,AU,-33.8667,121.9,62.44,70,100,13.94,overcast clouds,2022-03-27 14:43:59
1,Brae,GB,60.3964,-1.353,49.44,79,50,19.33,scattered clouds,2022-03-27 14:44:00
2,Chokurdakh,RU,70.6333,147.9167,-4.92,100,100,5.44,overcast clouds,2022-03-27 14:44:00
3,Punta Arenas,CL,-53.15,-70.9167,42.91,70,0,14.97,clear sky,2022-03-27 14:44:00
4,Carlagan,PH,14.975,122.0456,80.73,81,100,9.01,overcast clouds,2022-03-27 14:44:01
5,Butaritari,KI,3.0707,172.7902,79.83,73,60,6.85,broken clouds,2022-03-27 14:44:01
6,Bredasdorp,ZA,-34.5322,20.0403,72.01,62,100,13.06,overcast clouds,2022-03-27 14:44:02
7,Bambous Virieux,MU,-20.3428,57.7575,82.65,74,20,4.61,few clouds,2022-03-27 14:41:03
8,Almaznyy,RU,48.0448,40.045,34.07,60,99,19.6,overcast clouds,2022-03-27 14:44:02
9,Sitka,US,57.0531,-135.33,33.69,80,20,4.61,few clouds,2022-03-27 14:41:00
10,Maniitsoq,GL,65.4167,-52.9,25.9,76,18,3.49,few clouds,2022-03-27 14:44:03
11,Qaanaaq,GL,77.484,-69.3632,2.97,75,100,6.73,overcast clouds,2022-03-27 14:44:03
12,Los Llanos De Aridane,ES,28.6585,-17.9182,67.75,89,40,9.22,scattered clouds,2022-03-27 14:44:03
13,Atuona,PF,-9.8,-139.0333,78.75,77,19,18.57,few clouds,2022-03-27 14:39:50
14,Palembang,ID,-2.9167,104.7458,77.09,83,20,3.44,few clouds,2022-03-27 14:44:04
15,Ponta Do Sol,PT,32.6667,-17.1,66.83,66,35,7.16,scattered clouds,2022-03-27 14:44:04
16,Pangnirtung,CA,66.1451,-65.7125,25.81,71,100,1.57,overcast clouds,2022-03-27 14:44:05
17,Mataura,NZ,-46.1927,168.8643,47.46,99,16,1.88,few clouds,2022-03-27 14:44:05
18,Albany,US,42.6001,-73.9662,38.03,68,99,1.01,overcast clouds,2022-03-27 14:42:49
19,Barrow,US,71.2906,-156.7887,-3.98,77,0,20.71,haze,2022-03-27 14:44:05
20,Fortuna,US,40.5982,-124.1573,46.65,96,0,0.0,clear sky,2022-03-27 14:44:06
21,Narsaq,GL,60.9167,-46.05,41.22,60,100,11.79,light rain,2022-03-27 14:44:06
22,Mehamn,NO,71.0357,27.8492,20.43,66,81,3.42,light snow,2022-03-27 14:44:07
23,Mao,ES,39.8885,4.2658,61.36,77,40,13.8,scattered clouds,2022-03-27 14:44:07
24,Ushuaia,AR,-54.8,-68.3,46.06,71,40,4.61,scattered clouds,2022-03-27 14:41:32
25,Bodden Town,KY,19.2833,-81.25,80.01,71,75,14.97,broken clouds,2022-03-27 14:44:07
26,Ariquemes,BR,-9.9133,-63.0408,80.51,91,91,2.15,overcast clouds,2022-03-27 14:44:08
27,Maldonado,UY,-34.6667,-54.9167,69.19,44,3,15.88,clear sky,2022-03-27 14:44:08
28,San Patricio,US,28.017,-97.5169,69.89,58,100,16.35,overcast clouds,2022-03-27 14:44:08
29,Faanui,PF,-16.4833,-151.75,80.76,75,22,10.2,light rain,2022-03-27 14:44:09
30,Rikitea,PF,-23.1203,-134.9692,78.69,69,5,13.15,clear sky,2022-03-27 14:44:09
31,Aklavik,CA,68.2191,-135.0107,-18.4,76,20,4.61,few clouds,2022-03-27 14:42:23
32,Olinda,BR,-8.0089,-34.8553,85.73,74,40,11.5,scattered clouds,2022-03-27 14:44:10
33,Hermanus,ZA,-34.4187,19.2345,84.79,55,100,7.9,overcast clouds,2022-03-27 14:44:10
34,Kiama,AU,-34.6833,150.8667,66.58,96,96,1.99,light rain,2022-03-27 14:44:10
35,Port Blair,IN,11.6667,92.75,82.44,83,20,2.3,mist,2022-03-27 14:44:11
36,Busselton,AU,-33.65,115.3333,60.4,63,0,16.15,clear sky,2022-03-27 14:44:11
37,Lensk,RU,60.7253,114.9278,19.92,90,100,8.01,overcast clouds,2022-03-27 14:44:12
38,Hilo,US,19.7297,-155.09,67.73,88,100,5.75,overcast clouds,2022-03-27 14:39:29
39,Mar Del Plata,AR,-38.0023,-57.5575,71.62,58,0,18.01,clear sky,2022-03-27 14:41:43
40,Tasiilaq,GL,65.6145,-37.6368,35.76,74,99,9.69,overcast clouds,2022-03-27 14:44:12
41,Cairns,AU,-16.9167,145.7667,75.15,94,76,0.0,broken clouds,2022-03-27 14:44:13
42,East London,ZA,-33.0153,27.9116,74.34,78,20,17.27,few clouds,2022-03-27 14:44:13
43,Jinxiang,CN,27.4327,120.6062,53.69,91,100,10.27,overcast clouds,2022-03-27 14:44:14
44,Port Hedland,AU,-20.3167,118.5667,84.25,74,100,9.22,overcast clouds,2022-03-27 14:44:14
45,Sao Filipe,CV,14.8961,-24.4956,70.72,72,62,9.98,broken clouds,2022-03-27 14:44:14
46,Lagos,NG,6.5833,3.75,93.52,55,65,11.5,broken clouds,2022-03-27 14:40:40
47,Moroni,KM,-11.7022,43.2551,82.4,89,75,10.36,light rain,2022-03-27 14:44:15
48,Sur,OM,22.5667,59.5289,82.06,46,0,6.26,clear sky,2022-03-27 14:44:15
49,Tselinnoye,RU,53.0833,85.6667,25.81,92,100,6.82,overcast clouds,2022-03-27 14:44:15
50,Santa Cruz,BO,-17.8,-63.1667,75.25,57,75,5.75,broken clouds,2022-03-27 14:42:23
51,Kodiak,US,57.79,-152.4072,33.31,86,100,19.57,light snow,2022-03-27 14:44:16
52,Nikolskoye,RU,59.7035,30.7861,32.88,62,81,11.18,broken clouds,2022-03-27 14:44:16
53,Rieti,IT,42.4072,12.8592,69.75,12,0,14.97,clear sky,2022-03-27 14:44:17
54,Novobiryusinskiy,RU,56.9578,97.7076,13.03,92,43,6.15,scattered clouds,2022-03-27 14:44:17
55,Abilene,US,32.4487,-99.7331,72.18,20,0,18.41,clear sky,2022-03-27 14:44:18
56,Carrollton,US,32.9537,-96.8903,68.22,55,0,6.91,clear sky,2022-03-27 14:39:30
57,Avarua,CK,-21.2078,-159.775,80.65,83,75,9.22,broken clouds,2022-03-27 14:44:18
58,Cape Town,ZA,-33.9258,18.4232,82.81,24,0,9.22,clear sky,2022-03-27 14:44:20
59,Andros Town,BS,24.7,-77.7667,75.16,51,0,18.21,clear sky,2022-03-27 14:44:21
60,Aurora,US,39.7294,-104.8319,60.93,79,75,3.44,broken clouds,2022-03-27 14:44:21
61,Cabo San Lucas,MX,22.8909,-109.9124,72.52,44,25,3.71,scattered clouds,2022-03-27 14:43:15
62,Mitsamiouli,KM,-11.3847,43.2844,82.69,89,75,10.36,light rain,2022-03-27 14:44:22
63,Port Elizabeth,ZA,-33.918,25.5701,79.11,79,0,17.27,clear sky,2022-03-27 14:39:36
64,Vaini,TO,-21.2,-175.2,73.56,100,40,2.3,scattered clouds,2022-03-27 14:39:33
65,Saskylakh,RU,71.9167,114.0833,-5.31,98,100,4.23,overcast clouds,2022-03-27 14:44:22
66,Nanortalik,GL,60.1432,-45.2371,29.97,84,100,4.65,light snow,2022-03-27 14:44:23
67,Lundazi,ZM,-12.2929,33.1782,73.81,81,92,6.06,light rain,2022-03-27 14:44:23
68,Thompson,CA,55.7435,-97.8558,-16.44,69,0,2.3,clear sky,2022-03-27 14:44:23
69,Arboletes,CO,8.8505,-76.4269,80.98,80,100,8.28,overcast clouds,2022-03-27 14:44:24
70,Kapaa,US,22.0752,-159.319,66.52,88,75,6.91,light rain,2022-03-27 14:44:24
71,Harper,LR,4.375,-7.7169,83.75,71,87,7.76,overcast clouds,2022-03-27 14:44:24
72,Georgetown,MY,5.4112,100.3354,85.95,82,20,3.44,few clouds,2022-03-27 14:43:32
73,Dikson,RU,73.5069,80.5464,-12.96,98,13,8.5,few clouds,2022-03-27 14:44:25
74,Sanchor,IN,24.7553,71.7722,84.67,15,4,11.01,clear sky,2022-03-27 14:44:25
75,Boa Vista,BR,2.8197,-60.6733,84.18,61,75,11.5,broken clouds,2022-03-27 14:44:26
76,Moose Factory,CA,51.2585,-80.6094,-2.2,65,100,18.41,overcast clouds,2022-03-27 14:44:26
77,Asau,RO,46.4333,26.4,52.72,51,92,4.47,overcast clouds,2022-03-27 14:44:27
78,Chapais,CA,49.7834,-74.8492,4.78,87,100,12.59,light snow,2022-03-27 14:44:27
79,Quatre Cocos,MU,-20.2078,57.7625,82.51,71,43,7.25,scattered clouds,2022-03-27 14:44:27
80,Anadyr,RU,64.75,177.4833,-3.5,77,100,6.71,light snow,2022-03-27 14:44:28
81,Sao Jose Da Coroa Grande,BR,-8.8978,-35.1478,82.98,75,81,10.45,broken clouds,2022-03-27 14:44:28
82,Upernavik,GL,72.7868,-56.1549,25.5,72,100,1.81,overcast clouds,2022-03-27 14:44:29
83,Beringovskiy,RU,63.05,179.3167,-7.82,100,88,5.57,overcast clouds,2022-03-27 14:44:29
84,Iracoubo,GF,5.4802,-53.2011,80.96,74,89,12.57,overcast clouds,2022-03-27 14:44:30
85,Ust-Barguzin,RU,53.45,108.9833,10.53,93,41,1.99,scattered clouds,2022-03-27 14:44:30
86,Ahipara,NZ,-35.1667,173.1667,59.65,83,1,4.18,clear sky,2022-03-27 14:44:30
87,Severo-Kurilsk,RU,50.6789,156.125,34.83,99,100,10.87,overcast clouds,2022-03-27 14:44:31
88,Mandurah,AU,-32.55,115.7,65.91,70,4,17.56,clear sky,2022-03-27 14:42:39
89,Ballina,AU,-28.8667,153.5667,69.78,96,40,2.3,scattered clouds,2022-03-27 14:44:31
90,Norman Wells,CA,65.282,-126.8329,-3.96,77,75,0.0,light snow,2022-03-27 14:42:23
91,Bengkulu,ID,-3.8004,102.2655,77.83,87,35,7.27,scattered clouds,2022-03-27 14:44:32
92,Lanivtsi,UA,49.8633,26.0908,41.59,34,65,15.26,broken clouds,2022-03-27 14:44:32
93,Port Alfred,ZA,-33.5906,26.891,74.17,77,64,8.99,broken clouds,2022-03-27 14:44:32
94,Laguna,US,38.421,-121.4238,57.18,86,0,6.91,clear sky,2022-03-27 14:44:33
95,Bluff,NZ,-46.6,168.3333,52.84,88,14,2.39,few clouds,2022-03-27 14:44:33
96,Bolitoc,PH,15.7395,119.8769,80.89,80,83,3.85,broken clouds,2022-03-27 14:44:33
97,Hobart,AU,-42.8794,147.3294,62.46,72,90,12.66,overcast clouds,2022-03-27 14:44:34
98,Alofi,NU,-19.0595,-169.9187,78.69,89,99,11.5,overcast clouds,2022-03-27 14:44:34
99,Coihaique,CL,-45.5752,-72.0662,49.95,71,100,5.75,light rain,2022-03-27 14:44:35
100,Guerrero Negro,MX,27.9769,-114.0611,60.37,83,100,2.84,overcast clouds,2022-03-27 14:44:35
101,Westport,US,41.1415,-73.3579,46.74,56,0,12.66,clear sky,2022-03-27 14:44:35
102,Kaitangata,NZ,-46.2817,169.8464,49.98,96,25,2.71,scattered clouds,2022-03-27 14:44:36
103,Baghmara,IN,23.795,86.2085,84.79,8,84,5.23,broken clouds,2022-03-27 14:44:36
104,Dingle,PH,10.9995,122.6711,77.77,83,100,6.6,overcast clouds,2022-03-27 14:44:37
105,Arraial Do Cabo,BR,-22.9661,-42.0278,85.96,62,0,6.91,clear sky,2022-03-27 14:44:37
106,Freeport,US,40.6576,-73.5832,46.29,50,20,20.71,few clouds,2022-03-27 14:42:37
107,Hithadhoo,MV,-0.6,73.0833,83.1,65,0,5.95,clear sky,2022-03-27 14:44:38
108,Fort Nelson,CA,58.8053,-122.7002,17.19,73,75,6.91,broken clouds,2022-03-27 14:43:15
109,Sabha,LY,27.0377,14.4283,82.2,6,0,13.24,clear sky,2022-03-27 14:44:38
110,Macau,MO,22.2006,113.5461,69.6,82,40,18.41,scattered clouds,2022-03-27 14:44:38
111,Yellowknife,CA,62.456,-114.3525,-5.58,88,20,8.05,few clouds,2022-03-27 14:41:55
112,Shingu,JP,33.7333,135.9833,51.87,71,59,6.49,broken clouds,2022-03-27 14:44:39
113,Tiksi,RU,71.6872,128.8694,-15.99,100,68,5.26,broken clouds,2022-03-27 14:42:32
114,Wiang Sa,TH,8.6359,99.3666,79.74,85,59,2.73,broken clouds,2022-03-27 14:42:46
115,Ribeira Grande,PT,38.5167,-28.7,66.6,63,20,16.11,few clouds,2022-03-27 14:44:39
116,Saint-Georges,GD,12.0564,-61.7485,83.88,65,20,17.27,few clouds,2022-03-27 14:43:25
117,Jamestown,US,42.097,-79.2353,24.39,68,100,16.11,overcast clouds,2022-03-27 14:44:40
118,Nizhniy Baskunchak,RU,48.2198,46.8311,40.35,82,100,17.0,overcast clouds,2022-03-27 14:44:40
119,Aracati,BR,-4.5617,-37.7697,86.04,67,86,10.02,overcast clouds,2022-03-27 14:44:41
120,Portland,US,45.5234,-122.6762,52.25,93,75,3.0,broken clouds,2022-03-27 14:42:44
121,Kemin,KG,42.7846,75.6892,36.41,89,99,2.93,overcast clouds,2022-03-27 14:44:41
122,Mahebourg,MU,-20.4081,57.7,82.69,74,20,4.61,few clouds,2022-03-27 14:44:41
123,Aguie,NE,13.506,7.7786,97.21,6,63,17.67,broken clouds,2022-03-27 14:44:42
124,Kruisfontein,ZA,-34.0033,24.7314,76.89,55,100,11.65,overcast clouds,2022-03-27 14:44:42
125,Mount Gambier,AU,-37.8333,140.7667,58.91,72,40,5.75,scattered clouds,2022-03-27 14:44:43
126,Khatanga,RU,71.9667,102.5,-15.72,98,94,6.29,overcast clouds,2022-03-27 14:44:43
127,Stabat,ID,3.761,98.4513,75.96,95,4,2.91,clear sky,2022-03-27 14:44:44
128,Upington,ZA,-28.4478,21.2561,93.58,22,40,6.91,scattered clouds,2022-03-27 14:44:44
129,Victoria,HK,22.2855,114.1577,69.85,85,100,5.99,overcast clouds,2022-03-27 14:43:57
130,Makakilo City,US,21.3469,-158.0858,70.68,74,0,4.61,clear sky,2022-03-27 14:40:46
131,Abu Kamal,SY,34.4506,40.9171,59.79,34,1,18.19,clear sky,2022-03-27 14:44:45
132,Iguape,BR,-24.7081,-47.5553,77.47,82,74,8.23,moderate rain,2022-03-27 14:44:45
133,Longyearbyen,SJ,78.2186,15.6401,6.64,66,20,10.36,few clouds,2022-03-27 14:44:45
134,Kismayo,SO,-0.3582,42.5454,83.05,77,47,14.7,scattered clouds,2022-03-27 14:44:46
135,Antofagasta,CL,-23.65,-70.4,72.21,61,33,8.1,scattered clouds,2022-03-27 14:44:46
136,Jaru,BR,-10.4389,-62.4664,81.75,86,75,4.29,heavy intensity rain,2022-03-27 14:43:54
137,Nouadhibou,MR,20.931,-17.0347,69.78,68,100,12.66,overcast clouds,2022-03-27 14:44:47
138,Cidreira,BR,-30.1811,-50.2056,74.84,59,0,9.91,clear sky,2022-03-27 14:43:43
139,Tyssedal,NO,60.1165,6.562,46.87,100,100,8.7,overcast clouds,2022-03-27 14:44:47
140,Ozinki,RU,51.1786,49.6769,33.33,98,100,12.08,overcast clouds,2022-03-27 14:44:47
141,Saint George,US,37.1041,-113.5841,54.19,26,0,3.44,clear sky,2022-03-27 14:42:00
142,Dwarka,IN,22.2394,68.9678,81.36,61,5,12.66,clear sky,2022-03-27 14:44:26
143,Mecca,SA,21.4267,39.8261,87.96,19,0,12.35,clear sky,2022-03-27 14:44:39
144,Byron Bay,AU,-28.65,153.6167,69.71,90,100,2.35,light rain,2022-03-27 14:44:48
145,Grindavik,IS,63.8424,-22.4338,39.15,93,100,17.27,overcast clouds,2022-03-27 14:44:49
146,Constitucion,CL,-35.3333,-72.4167,64.04,53,74,9.4,broken clouds,2022-03-27 14:44:49
147,Port Lincoln,AU,-34.7333,135.8667,66.24,70,100,1.79,overcast clouds,2022-03-27 14:44:49
148,Aasiaat,GL,68.7098,-52.8699,18.09,75,20,13.49,few clouds,2022-03-27 14:44:50
149,Beloha,MG,-25.1667,45.05,75.13,83,100,11.77,light rain,2022-03-27 14:44:50
150,Hirara,JP,24.8,125.2833,68.85,79,100,22.39,overcast clouds,2022-03-27 14:44:51
151,Manokwari,ID,-0.8667,134.0833,78.57,83,95,7.87,overcast clouds,2022-03-27 14:44:51
152,Arlit,NE,18.7369,7.3853,97.95,3,5,4.29,clear sky,2022-03-27 14:44:51
153,Vanino,RU,49.0869,140.2543,28.9,72,100,11.3,overcast clouds,2022-03-27 14:44:52
154,Buraydah,SA,26.326,43.975,72.05,17,0,9.19,clear sky,2022-03-27 14:44:38
155,Tokmak,UA,47.2514,35.7058,38.21,50,100,21.14,overcast clouds,2022-03-27 14:44:52
156,Kavieng,PG,-2.5744,150.7967,80.87,79,99,6.33,light rain,2022-03-27 14:44:52
157,Yuancheng,CN,36.652,107.7896,42.4,34,0,8.95,clear sky,2022-03-27 14:44:53
158,Quelimane,MZ,-17.8786,36.8883,84.15,70,75,8.05,broken clouds,2022-03-27 14:44:53
159,Pinega,RU,64.7001,43.3936,18.48,75,100,14.81,overcast clouds,2022-03-27 14:44:53
160,Sistranda,NO,63.7256,8.834,46.36,87,100,43.42,light rain,2022-03-27 14:44:54
161,Liverpool,GB,53.4106,-2.9779,65.28,59,40,5.75,scattered clouds,2022-03-27 14:44:54
162,Biltine,TD,14.5333,20.9167,91.69,5,0,18.1,clear sky,2022-03-27 14:44:55
163,New Norfolk,AU,-42.7826,147.0587,62.1,89,97,3.29,overcast clouds,2022-03-27 14:44:55
164,Torbay,CA,47.6666,-52.7314,47.28,73,75,4.61,broken clouds,2022-03-27 14:44:56
165,Lebu,CL,-37.6167,-73.65,60.3,72,92,4.05,overcast clouds,2022-03-27 14:44:56
166,Hofn,IS,64.2539,-15.2082,39.22,75,100,16.11,overcast clouds,2022-03-27 14:44:56
167,Fairbanks,US,64.8378,-147.7164,30.81,79,0,0.0,clear sky,2022-03-27 14:42:33
168,Te Anau,NZ,-45.4167,167.7167,51.15,93,11,1.14,few clouds,2022-03-27 14:44:57
169,Oildale,US,35.4197,-119.0195,71.89,60,0,3.0,clear sky,2022-03-27 14:44:57
170,Yumen,CN,40.2833,97.2,50.94,16,30,8.01,scattered clouds,2022-03-27 14:44:58
171,Impfondo,CG,1.6381,18.0667,92.41,31,100,4.74,overcast clouds,2022-03-27 14:44:58
172,Puerto Ayora,EC,-0.7393,-90.3518,82.36,80,68,9.66,broken clouds,2022-03-27 14:44:58
173,Hovd,MN,48.0056,91.6419,35.83,47,100,4.65,overcast clouds,2022-03-27 14:44:59
174,Galesong,ID,-5.3166,119.3661,78.82,78,85,6.11,overcast clouds,2022-03-27 14:44:59
175,Bairiki,KI,1.3292,172.9752,80.6,78,20,8.05,few clouds,2022-03-27 14:45:00
176,Asosa,ET,10.0667,34.5333,86.4,17,94,8.3,overcast clouds,2022-03-27 14:45:00
177,Saint-Philippe,RE,-21.3585,55.7679,81.99,83,80,3.49,light rain,2022-03-27 14:45:00
178,Sevlievo,BG,43.0258,25.1136,69.15,42,10,10.54,clear sky,2022-03-27 14:45:01
179,Candido De Abreu,BR,-24.5669,-51.3333,81.52,41,0,1.9,clear sky,2022-03-27 14:45:01
180,Gorom-Gorom,BF,14.4439,-0.2361,103.68,7,4,17.29,clear sky,2022-03-27 14:45:02
181,Ilulissat,GL,69.2167,-51.1,24.82,50,0,2.3,clear sky,2022-03-27 14:45:03
182,San Cristobal,VE,7.7669,-72.225,68.18,67,98,4.97,light rain,2022-03-27 14:45:03
183,Khandyga,RU,62.6667,135.6,-13.05,100,44,2.46,scattered clouds,2022-03-27 14:45:04
184,Uribia,CO,11.7139,-72.266,88.3,51,67,18.97,broken clouds,2022-03-27 14:45:05
185,Touros,BR,-5.1989,-35.4608,86.76,63,99,12.33,overcast clouds,2022-03-27 14:42:02
186,Iqaluit,CA,63.7506,-68.5145,19.13,92,100,8.05,mist,2022-03-27 14:45:06
187,Port Shepstone,ZA,-30.7414,30.455,73.15,80,51,14.23,light rain,2022-03-27 14:45:06
188,Kuopio,FI,62.8924,27.677,26.55,33,0,9.22,clear sky,2022-03-27 14:45:06
189,Huadian,CN,42.9633,126.7478,32.63,59,7,5.75,clear sky,2022-03-27 14:45:07
190,Cabildo,AR,-38.4842,-61.8954,70.25,41,0,12.55,clear sky,2022-03-27 14:45:07
191,Nantucket,US,41.2835,-70.0995,49.14,69,20,24.16,few clouds,2022-03-27 14:45:08
192,Roma,US,43.2128,-75.4557,32.95,90,100,14.97,snow,2022-03-27 14:45:08
193,Katsuura,JP,35.1333,140.3,57.11,84,100,15.41,overcast clouds,2022-03-27 14:45:08
194,Victor Harbor,AU,-35.5667,138.6167,64.0,67,97,4.12,overcast clouds,2022-03-27 14:45:09
195,Myitkyina,MM,25.3833,97.4,71.01,54,36,3.47,scattered clouds,2022-03-27 14:45:09
196,Plaster Rock,CA,46.9065,-67.39,37.96,98,100,3.38,light rain,2022-03-27 14:45:10
197,Carnarvon,AU,-24.8667,113.6333,77.07,73,0,5.75,clear sky,2022-03-27 14:45:10
198,Avera,US,33.194,-82.5271,57.54,32,1,16.06,clear sky,2022-03-27 14:45:11
199,Airai,TL,-8.9266,125.4092,60.82,94,100,0.49,overcast clouds,2022-03-27 14:45:11
200,Itarema,BR,-2.9248,-39.9167,82.04,81,88,10.56,overcast clouds,2022-03-27 14:45:11
201,Gidam,IN,18.9833,81.4,85.21,25,58,1.7,broken clouds,2022-03-27 14:45:12
202,Ranong,TH,9.9658,98.6348,80.29,86,13,2.28,few clouds,2022-03-27 14:45:12
203,Caravelas,BR,-17.7125,-39.2481,87.06,55,8,10.25,clear sky,2022-03-27 14:43:54
204,Terrace,CA,54.5163,-128.6035,37.31,100,75,9.22,broken clouds,2022-03-27 14:44:43
205,Kuytun,RU,54.3419,101.5036,3.07,93,51,5.17,broken clouds,2022-03-27 14:45:13
206,Lavrentiya,RU,65.5833,-171.0,5.16,84,100,4.76,overcast clouds,2022-03-27 14:45:13
207,Chuy,UY,-33.6971,-53.4616,77.02,48,18,13.04,few clouds,2022-03-27 14:45:14
208,Beira,MZ,-19.8436,34.8389,80.69,78,75,13.0,broken clouds,2022-03-27 14:45:14
209,Aksarka,RU,66.5606,67.7975,8.28,96,100,10.4,overcast clouds,2022-03-27 14:45:14
210,Broken Hill,AU,-31.95,141.4333,65.91,52,30,4.61,scattered clouds,2022-03-27 14:45:15
211,Santa Maria,BR,-29.6842,-53.8069,72.7,64,40,3.44,scattered clouds,2022-03-27 14:42:09
212,Rawson,AR,-43.3002,-65.1023,64.45,28,0,24.72,clear sky,2022-03-27 14:45:15
213,Mount Isa,AU,-20.7333,139.5,78.57,24,2,8.05,clear sky,2022-03-27 14:45:16
214,Nelson Bay,AU,-32.7167,152.15,70.0,95,100,3.98,light rain,2022-03-27 14:45:16
215,Luba,GQ,3.4568,8.5547,87.69,75,72,3.47,light rain,2022-03-27 14:45:17
216,Flin Flon,CA,54.7682,-101.865,-14.96,64,20,2.3,few clouds,2022-03-27 14:45:17
217,Okhotsk,RU,59.3833,143.3,-2.43,96,58,8.75,broken clouds,2022-03-27 14:45:17
218,Nieuwpoort,BE,51.1244,2.7735,65.01,87,100,11.5,overcast clouds,2022-03-27 14:45:18
219,Vila Velha,BR,-20.3297,-40.2925,89.55,60,20,11.5,few clouds,2022-03-27 14:45:18
220,Lerwick,GB,60.1545,-1.1494,48.2,78,84,19.17,broken clouds,2022-03-27 14:45:19
221,Kidal,ML,18.4411,1.4078,98.71,6,0,15.35,clear sky,2022-03-27 14:45:19
222,Vynohradove,UA,46.3696,32.9398,45.39,31,95,19.89,overcast clouds,2022-03-27 14:45:20
223,Nakusp,CA,50.2499,-117.8023,34.14,100,100,0.0,overcast clouds,2022-03-27 14:45:20
224,Denpasar,ID,-8.65,115.2167,80.26,94,75,4.61,broken clouds,2022-03-27 14:44:22
225,Lakselv,NO,70.0513,24.9718,22.82,58,0,4.61,clear sky,2022-03-27 14:45:20
226,Hobyo,SO,5.3505,48.5268,81.46,58,65,15.08,broken clouds,2022-03-27 14:45:21
227,Lata,PT,40.1629,-8.3327,75.07,46,91,11.83,overcast clouds,2022-03-27 14:45:21
228,Hailar,CN,49.2,119.7,14.83,72,66,8.03,broken clouds,2022-03-27 14:45:22
229,Vanavara,RU,60.34,102.2797,16.95,92,100,10.69,light snow,2022-03-27 14:45:22
230,Bathsheba,BB,13.2167,-59.5167,83.01,65,40,19.57,scattered clouds,2022-03-27 14:45:23
231,Kirkwall,GB,58.9848,-2.9587,55.45,62,0,11.5,clear sky,2022-03-27 14:45:23
232,Tankhoy,RU,51.5528,105.1306,21.56,95,100,1.9,light snow,2022-03-27 14:45:23
233,Zacatepec,MX,18.65,-99.2,78.42,22,27,1.23,scattered clouds,2022-03-27 14:45:24
234,Broome,US,42.2506,-75.833,34.02,74,100,14.97,overcast clouds,2022-03-27 14:45:24
235,Mnogovershinnyy,RU,53.9353,139.9242,9.97,94,100,8.39,overcast clouds,2022-03-27 14:45:25
236,Akyab,MM,20.15,92.9,80.49,81,9,5.75,clear sky,2022-03-27 14:45:25
237,Koumac,NC,-20.5667,164.2833,77.77,79,75,2.42,broken clouds,2022-03-27 14:45:25
238,Hasaki,JP,35.7333,140.8333,50.4,73,100,13.6,overcast clouds,2022-03-27 14:45:26
239,Maputo,MZ,-25.9653,32.5892,82.08,65,20,13.0,few clouds,2022-03-27 14:45:26
240,Leningradskiy,RU,69.3833,178.4167,-13.25,91,4,4.92,clear sky,2022-03-27 14:45:27
241,Tara,RU,56.8944,74.371,6.08,98,15,4.72,few clouds,2022-03-27 14:45:27
242,Batagay,RU,67.6333,134.6333,-9.27,99,58,4.18,broken clouds,2022-03-27 14:45:28
243,Kalat,PK,29.0225,66.5916,64.31,18,0,7.49,clear sky,2022-03-27 14:45:28
244,Ancud,CL,-41.8697,-73.8203,53.22,67,53,12.1,broken clouds,2022-03-27 14:45:29
245,Novaya Zaimka,RU,56.4857,66.9241,16.05,92,31,10.04,scattered clouds,2022-03-27 14:45:29
246,North Platte,US,41.1239,-100.7654,32.11,35,0,11.99,clear sky,2022-03-27 14:45:30
247,Chake Chake,TZ,-5.2459,39.7666,85.35,64,30,9.91,scattered clouds,2022-03-27 14:45:30
248,Klaksvik,FO,62.2266,-6.589,50.92,74,8,28.41,clear sky,2022-03-27 14:45:30
249,Cururupu,BR,-1.8283,-44.8683,80.51,89,100,3.09,overcast clouds,2022-03-27 14:45:31
250,Mogok,MM,22.9167,96.5,66.6,46,9,2.37,clear sky,2022-03-27 14:45:31
251,Fuyu,CN,45.1833,124.8167,33.3,51,12,7.56,few clouds,2022-03-27 14:45:32
252,Cockburn Town,TC,21.4612,-71.1419,76.96,78,75,9.22,broken clouds,2022-03-27 14:45:32
253,Mezen,RU,65.8522,44.24,17.42,78,100,12.03,overcast clouds,2022-03-27 14:45:32
254,Castro,BR,-24.7911,-50.0119,76.91,59,1,3.47,clear sky,2022-03-27 14:45:33
255,Chiang Rai,TH,19.9167,99.9167,84.31,73,0,2.3,clear sky,2022-03-27 14:45:33
256,Chengde,CN,40.9725,117.9361,39.69,26,0,3.36,clear sky,2022-03-27 14:45:34
257,Xuanhua,CN,40.6103,115.0447,41.65,34,0,1.63,clear sky,2022-03-27 14:45:34
258,Saint-Leu,RE,-21.15,55.2833,81.46,80,89,4.21,light rain,2022-03-27 14:45:34
259,Karratha,AU,-20.7377,116.8463,83.03,67,100,9.55,overcast clouds,2022-03-27 14:41:09
260,Shahrud,IR,36.4182,54.9763,52.56,23,0,10.87,clear sky,2022-03-27 14:45:35
261,Taunsa,PK,30.7048,70.6505,90.81,8,0,7.92,clear sky,2022-03-27 14:45:35
262,Geelong,AU,-38.1471,144.3607,68.72,54,45,8.05,scattered clouds,2022-03-27 14:45:02
263,Yeniseysk,RU,58.4497,92.1703,7.29,97,59,3.22,broken clouds,2022-03-27 14:45:36
264,Yeppoon,AU,-23.1333,150.7333,73.18,86,96,3.04,overcast clouds,2022-03-27 14:45:36
265,Sioux Lookout,CA,50.1001,-91.917,-3.93,59,0,10.36,clear sky,2022-03-27 14:45:36
266,Muros,ES,42.7762,-9.0603,71.69,61,32,6.6,scattered clouds,2022-03-27 14:45:37
267,Lazaro Cardenas,MX,17.9583,-102.2,78.58,41,74,3.06,broken clouds,2022-03-27 14:45:37
268,Hornepayne,CA,49.2138,-84.7705,1.53,69,100,12.62,overcast clouds,2022-03-27 14:45:38
269,Lagoa,PT,39.05,-27.9833,59.13,86,39,15.05,scattered clouds,2022-03-27 14:45:38
270,Dunedin,NZ,-45.8742,170.5036,58.8,86,48,5.01,scattered clouds,2022-03-27 14:45:39
271,Nabire,ID,-3.3667,135.4833,75.61,95,100,1.97,heavy intensity rain,2022-03-27 14:45:39
272,Port Keats,AU,-14.25,129.55,82.85,78,100,5.99,overcast clouds,2022-03-27 14:45:39
273,Aykhal,RU,66.0,111.5,1.76,100,72,5.7,broken clouds,2022-03-27 14:45:40
274,Pevek,RU,69.7008,170.3133,-11.87,100,94,7.61,overcast clouds,2022-03-27 14:45:40
275,Lorengau,PG,-2.0226,147.2712,80.26,81,92,7.02,overcast clouds,2022-03-27 14:45:41
276,Eregli,TR,37.5133,34.0467,44.38,41,0,2.08,clear sky,2022-03-27 14:45:41
277,Zhanaozen,KZ,43.3,52.8,43.99,74,100,10.13,overcast clouds,2022-03-27 14:45:41
278,Segou,ML,13.4317,-6.2157,102.25,14,86,8.37,overcast clouds,2022-03-27 14:45:42
279,Chardara,KZ,41.2547,67.9692,53.26,44,12,4.43,few clouds,2022-03-27 14:45:42
280,Saint John,CA,45.2727,-66.0677,42.8,94,75,8.05,broken clouds,2022-03-27 14:42:39
281,Bethel,US,41.3712,-73.414,43.57,63,75,15.01,broken clouds,2022-03-27 14:45:43
282,Salisbury,GB,51.0693,-1.7957,64.38,64,2,12.66,clear sky,2022-03-27 14:45:43
283,Provideniya,RU,64.3833,-173.3,11.39,77,98,3.87,overcast clouds,2022-03-27 14:45:43
284,Starosubkhangulovo,RU,53.1031,57.4423,34.92,87,98,11.77,overcast clouds,2022-03-27 14:45:44
285,Seymchan,RU,62.8833,152.4333,-13.5,100,92,1.52,overcast clouds,2022-03-27 14:45:44
286,Kirkenaer,NO,60.4564,12.0582,43.43,79,100,4.21,overcast clouds,2022-03-27 14:45:45
287,Bundaberg,AU,-24.85,152.35,71.89,99,100,4.61,overcast clouds,2022-03-27 14:42:10
288,Pringsewu,ID,-5.3582,104.9744,73.89,96,68,0.56,heavy intensity rain,2022-03-27 14:45:45
289,Mogadishu,SO,2.0371,45.3438,85.87,79,20,12.66,few clouds,2022-03-27 14:45:45
290,Saldanha,ZA,-33.0117,17.9442,84.25,57,51,9.82,broken clouds,2022-03-27 14:45:46
291,Namibe,AO,-15.1961,12.1522,77.58,64,91,18.75,overcast clouds,2022-03-27 14:43:44
292,Inuvik,CA,68.3499,-133.7218,-6.74,71,0,8.05,clear sky,2022-03-27 14:45:46
293,Ponta Pora,BR,-22.5361,-55.7256,75.11,60,0,6.91,clear sky,2022-03-27 14:45:47
294,Puerto Del Rosario,ES,28.5004,-13.8627,74.95,57,40,17.27,scattered clouds,2022-03-27 14:45:47
295,Bay Roberts,CA,47.5999,-53.2648,47.66,81,99,3.0,overcast clouds,2022-03-27 14:45:48
296,Tuktoyaktuk,CA,69.4541,-133.0374,-20.2,69,0,6.91,clear sky,2022-03-27 14:45:48
297,Havre-Saint-Pierre,CA,50.2334,-63.5986,30.56,100,100,17.27,overcast clouds,2022-03-27 14:44:11
298,Lodwar,KE,3.1191,35.5973,95.56,29,37,18.21,scattered clouds,2022-03-27 14:45:48
299,Tutayev,RU,57.8853,39.5406,22.71,74,100,18.23,overcast clouds,2022-03-27 14:45:49
300,Phan Thiet,VN,10.9333,108.1,79.66,77,100,3.91,overcast clouds,2022-03-27 14:41:54
301,Beaverlodge,CA,55.2166,-119.4361,27.75,95,100,2.24,overcast clouds,2022-03-27 14:43:23
302,Eskisehir,TR,39.7767,30.5206,55.31,30,0,18.41,clear sky,2022-03-27 14:41:45
303,Hambantota,LK,6.1241,81.1185,80.94,94,20,2.3,few clouds,2022-03-27 14:45:50
304,Minab,IR,27.1467,57.0801,82.72,32,0,4.61,clear sky,2022-03-27 14:45:50
305,Nouakchott,MR,18.0858,-15.9785,73.33,56,4,14.99,clear sky,2022-03-27 14:42:42
306,Katangli,RU,51.7102,143.2326,25.41,94,100,29.37,snow,2022-03-27 14:45:50
307,Manadhoo,MV,5.7667,73.3833,83.07,71,17,9.26,few clouds,2022-03-27 14:45:51
308,Tocopilla,CL,-22.092,-70.1979,73.62,62,6,12.24,clear sky,2022-03-27 14:45:51
309,The Valley,AI,18.217,-63.0578,78.94,73,75,12.66,broken clouds,2022-03-27 14:45:51
310,Vanimo,PG,-2.6741,141.3028,77.18,87,84,6.15,broken clouds,2022-03-27 14:45:52
311,Bilma,NE,18.6853,12.9164,89.62,5,22,6.46,few clouds,2022-03-27 14:45:52
312,Blagoyevo,RU,63.3667,47.9167,17.33,93,100,13.58,light snow,2022-03-27 14:45:53
313,Nuuk,GL,64.1835,-51.7216,30.81,64,0,11.5,clear sky,2022-03-27 14:45:53
314,Siocon,PH,7.7061,122.1353,78.6,85,100,5.23,moderate rain,2022-03-27 14:45:53
315,Thinadhoo,MV,0.5333,72.9333,83.05,63,0,7.0,clear sky,2022-03-27 14:45:54
316,Clarence Town,AU,-32.5833,151.7833,69.85,98,100,1.48,moderate rain,2022-03-27 14:45:54
317,Half Moon Bay,US,37.4636,-122.4286,53.78,91,100,11.5,mist,2022-03-27 14:45:48
318,Havoysund,NO,70.9963,24.6622,26.83,60,99,8.25,overcast clouds,2022-03-27 14:45:55
319,Kikwit,CD,-5.041,18.8162,87.06,59,100,2.55,overcast clouds,2022-03-27 14:45:55
320,Luwuk,ID,-0.9516,122.7875,77.72,88,100,4.23,overcast clouds,2022-03-27 14:45:56
321,Bo Phloi,TH,14.3236,99.5161,83.23,70,72,1.83,light rain,2022-03-27 14:45:56
322,Matamoros,MX,25.5333,-103.25,67.68,14,9,5.26,clear sky,2022-03-27 14:43:15
323,Abalak,RU,58.1286,68.5944,16.43,91,49,9.1,scattered clouds,2022-03-27 14:45:57
324,Sept-Iles,CA,50.2001,-66.3821,32.05,93,100,17.27,overcast clouds,2022-03-27 14:40:59
325,Manoel Urbano,BR,-8.8389,-69.2597,78.98,79,100,3.2,overcast clouds,2022-03-27 14:45:57
326,Banikoara,BJ,11.2985,2.4386,104.43,6,3,9.1,clear sky,2022-03-27 14:45:57
327,Kaka,TM,37.3482,59.6143,57.33,36,5,8.21,clear sky,2022-03-27 14:45:58
328,Chandpur,IN,29.15,78.2667,82.99,8,0,5.06,clear sky,2022-03-27 14:45:58
329,Warrnambool,AU,-38.3833,142.4833,65.84,55,98,6.55,overcast clouds,2022-03-27 14:45:58
330,Silifke,TR,36.3778,33.9344,59.25,39,0,1.05,clear sky,2022-03-27 14:45:59
331,Pisco,PE,-13.7,-76.2167,72.01,77,0,5.75,clear sky,2022-03-27 14:45:59
332,Cayenne,GF,4.9333,-52.3333,84.24,1,75,17.27,broken clouds,2022-03-27 14:45:59
333,Otradnoye,RU,59.7775,30.8181,33.04,62,79,10.6,broken clouds,2022-03-27 14:46:00
334,Roebourne,AU,-20.7833,117.1333,83.03,67,100,9.89,overcast clouds,2022-03-27 14:46:00
335,Nyurba,RU,63.2842,118.3319,1.31,100,99,3.31,overcast clouds,2022-03-27 14:46:00
336,Yanam,IN,16.7333,82.2167,81.81,78,96,7.14,overcast clouds,2022-03-27 14:46:01
337,Mizdah,LY,31.4451,12.9801,88.47,12,99,18.25,overcast clouds,2022-03-27 14:46:01
338,Chumikan,RU,54.7183,135.315,8.53,96,100,3.24,overcast clouds,2022-03-27 14:46:02
339,Neuquen,AR,-38.9516,-68.0591,67.89,45,0,5.75,clear sky,2022-03-27 14:46:02
340,Husavik,IS,66.0449,-17.3389,27.5,76,100,10.49,overcast clouds,2022-03-27 14:46:02
341,Bilibino,RU,68.0546,166.4372,-6.43,100,100,1.32,overcast clouds,2022-03-27 14:46:03
342,Xining,CN,36.6167,101.7667,45.19,20,47,4.92,scattered clouds,2022-03-27 14:46:03
343,Dauphin,CA,51.1494,-100.0502,5.14,61,100,0.0,overcast clouds,2022-03-27 14:46:03
344,Kudahuvadhoo,MV,2.6708,72.8944,82.98,64,0,7.11,clear sky,2022-03-27 14:46:04
345,Luderitz,NA,-26.6481,15.1594,71.51,55,1,6.42,clear sky,2022-03-27 14:46:04
346,Alamosa,US,37.4695,-105.87,26.58,54,0,0.0,clear sky,2022-03-27 14:46:05
347,Singaraja,ID,-8.112,115.0882,77.95,90,100,5.82,overcast clouds,2022-03-27 14:46:05
348,Clyde River,CA,70.4692,-68.5914,-1.97,78,100,8.05,overcast clouds,2022-03-27 14:46:05
349,Kloulklubed,PW,7.0419,134.2556,77.5,78,99,14.58,overcast clouds,2022-03-27 14:46:06
350,General Roca,AR,-39.0333,-67.5833,71.62,28,0,17.2,clear sky,2022-03-27 14:46:06
351,Kurumkan,RU,54.3,110.3,10.13,80,12,8.63,few clouds,2022-03-27 14:46:06
352,Gizo,SB,-8.103,156.8419,81.64,80,100,7.58,overcast clouds,2022-03-27 14:46:07
353,Waddan,LY,29.1614,16.139,84.27,5,0,12.84,clear sky,2022-03-27 14:46:07
354,Ulladulla,AU,-35.35,150.4667,65.3,93,53,3.2,light rain,2022-03-27 14:46:08
355,Kaeo,NZ,-35.1,173.7833,58.32,90,10,4.7,clear sky,2022-03-27 14:46:08
356,Mattru,SL,7.6244,-11.8332,100.83,31,56,3.94,broken clouds,2022-03-27 14:46:09
357,Poum,NC,-20.2333,164.0167,80.19,75,82,11.5,broken clouds,2022-03-27 14:46:09
358,Mokhsogollokh,RU,61.4681,128.9203,2.73,99,100,2.53,overcast clouds,2022-03-27 14:46:09
359,Pemangkat,ID,1.1667,108.9667,76.71,88,100,4.83,overcast clouds,2022-03-27 14:46:10
360,Orangeburg,US,33.4918,-80.8557,57.94,29,0,10.36,clear sky,2022-03-27 14:46:11
361,Zamora,EC,-4.0692,-78.9567,74.46,88,100,3.74,light rain,2022-03-27 14:46:11
362,Sorland,NO,67.667,12.6934,41.45,84,100,25.86,light rain,2022-03-27 14:46:12
363,Douglas,US,41.3,-96.167,28.51,46,0,5.75,clear sky,2022-03-27 14:46:12
364,Buin,CL,-33.7333,-70.75,71.87,27,100,2.71,overcast clouds,2022-03-27 14:46:12
365,Alice Springs,AU,-23.7,133.8833,69.22,32,0,0.0,clear sky,2022-03-27 14:46:13
366,Red Bluff,US,40.1785,-122.2358,51.51,81,0,3.44,clear sky,2022-03-27 14:46:13
367,Korla,CN,41.7597,86.1469,52.56,38,70,8.81,broken clouds,2022-03-27 14:46:14
368,Sao Joao Da Barra,BR,-21.6403,-41.0511,89.69,74,1,8.32,clear sky,2022-03-27 14:46:14
369,Along,IN,28.1667,94.7667,66.51,80,8,1.72,clear sky,2022-03-27 14:46:14
370,El Alto,PE,-4.2714,-81.2147,71.26,71,100,4.61,overcast clouds,2022-03-27 14:46:15
371,Talnakh,RU,69.4865,88.3972,1.76,84,72,3.87,broken clouds,2022-03-27 14:46:15
372,Gat,IL,31.61,34.7642,63.81,100,0,10.04,clear sky,2022-03-27 14:46:16
373,Udachnyy,RU,66.4167,112.4,-2.38,100,73,3.69,broken clouds,2022-03-27 14:46:16
374,Tura,IN,25.5198,90.2201,75.36,32,26,4.47,scattered clouds,2022-03-27 14:46:17
375,Galle,LK,6.0367,80.217,80.74,81,52,8.21,broken clouds,2022-03-27 14:46:17
376,Heze,CN,35.2431,115.4411,48.15,27,96,6.17,overcast clouds,2022-03-27 14:46:17
377,Souillac,MU,-20.5167,57.5167,82.78,74,20,4.61,few clouds,2022-03-27 14:46:18
378,Roald,NO,62.5833,6.1333,52.32,76,40,31.07,scattered clouds,2022-03-27 14:46:18
379,Nemuro,JP,43.3236,145.575,35.64,68,0,18.88,clear sky,2022-03-27 14:46:19
380,Duobao,CN,30.67,112.6895,53.56,71,100,6.33,overcast clouds,2022-03-27 14:46:19
381,Istok,XK,42.7808,20.4875,60.06,45,8,5.5,clear sky,2022-03-27 14:46:20
382,Mancio Lima,BR,-7.6142,-72.8958,77.07,94,100,4.61,overcast clouds,2022-03-27 14:46:20
383,Simi,SL,9.5667,-12.35,105.12,24,8,1.92,clear sky,2022-03-27 14:46:21
384,Bubaque,GW,11.2833,-15.8333,77.9,52,65,10.89,broken clouds,2022-03-27 14:46:21
385,Deputatskiy,RU,69.3,139.9,-9.58,99,63,5.44,broken clouds,2022-03-27 14:46:21
386,Suda,RU,59.1525,37.5582,24.91,73,89,16.82,overcast clouds,2022-03-27 14:46:22
387,Xinyang,CN,32.1228,114.0656,50.5,71,98,3.91,overcast clouds,2022-03-27 14:46:22
388,Hami,CN,42.8,93.45,54.66,18,100,7.7,overcast clouds,2022-03-27 14:46:22
389,Atasu,KZ,48.6814,71.6433,31.66,97,100,16.06,light snow,2022-03-27 14:43:53
390,Derzhavinsk,KZ,51.1,66.3167,28.24,88,100,9.24,overcast clouds,2022-03-27 14:46:23
391,Tefe,BR,-3.3542,-64.7114,84.31,79,75,4.61,light rain,2022-03-27 14:46:23
392,Acurenam,GQ,1.0322,10.6488,78.33,79,89,4.29,light rain,2022-03-27 14:46:24
393,Carutapera,BR,-1.195,-46.02,81.88,80,98,5.82,overcast clouds,2022-03-27 14:46:24
394,Bentiu,SS,9.2333,29.8333,99.57,8,99,5.95,overcast clouds,2022-03-27 14:46:24
395,Lexington,US,37.9887,-84.4777,33.98,59,100,8.05,overcast clouds,2022-03-27 14:45:10
396,Marystown,CA,47.1666,-55.1483,40.86,100,100,5.99,overcast clouds,2022-03-27 14:43:13
397,Vostok,RU,46.4856,135.8833,24.69,97,100,9.51,light snow,2022-03-27 14:46:25
398,Aljezur,PT,37.3191,-8.8033,66.51,56,97,18.05,overcast clouds,2022-03-27 14:46:25
399,Masty,BY,53.4122,24.5387,41.11,37,92,12.8,overcast clouds,2022-03-27 14:46:26
400,Paracuru,BR,-3.41,-39.0306,82.11,81,100,8.21,overcast clouds,2022-03-27 14:46:26
401,Saint-Francois,FR,46.4154,3.9054,69.24,30,0,2.3,clear sky,2022-03-27 14:46:27
402,Travesia,HN,15.8667,-87.9,72.14,74,99,3.87,overcast clouds,2022-03-27 14:46:27
403,Comodoro Rivadavia,AR,-45.8667,-67.5,60.66,29,0,20.71,clear sky,2022-03-27 14:46:28
404,Binika,IN,21.0333,83.8,89.51,11,84,4.12,broken clouds,2022-03-27 14:46:28
405,Melito Di Porto Salvo,IT,37.9222,15.7714,63.54,62,94,15.08,light rain,2022-03-27 14:46:28
406,Hare Bay,CA,48.8499,-54.0148,37.0,96,94,5.39,overcast clouds,2022-03-27 14:46:29
407,Labuhan,ID,-6.8844,112.2051,79.23,86,93,6.78,overcast clouds,2022-03-27 14:46:29
408,Kitimat,CA,54.0524,-128.6534,37.78,30,100,3.42,overcast clouds,2022-03-27 14:45:45
409,Balabac,PH,7.9868,117.0645,81.81,75,100,12.24,moderate rain,2022-03-27 14:46:30
410,Jam Sahib,PK,26.2958,68.6292,100.42,7,0,9.89,clear sky,2022-03-27 14:46:30
411,Atambua,ID,-9.1061,124.8925,73.81,90,97,2.77,overcast clouds,2022-03-27 14:45:11
412,Nova Olinda Do Norte,BR,-3.8881,-59.0942,81.9,85,100,4.59,moderate rain,2022-03-27 14:46:31
413,Dudinka,RU,69.4058,86.1778,-0.26,99,67,3.8,broken clouds,2022-03-27 14:46:31
414,Henties Bay,NA,-22.116,14.2845,67.95,75,6,6.87,clear sky,2022-03-27 14:46:32
415,Rocha,UY,-34.4833,-54.3333,77.41,42,2,14.52,clear sky,2022-03-27 14:46:32
416,Sao Gabriel Da Cachoeira,BR,-0.1303,-67.0892,74.48,98,100,1.68,overcast clouds,2022-03-27 14:46:32
417,Iskateley,RU,67.6803,53.1512,7.68,93,100,19.95,light snow,2022-03-27 14:46:33
418,Codrington,AU,-38.2667,141.9667,65.35,52,100,7.09,overcast clouds,2022-03-27 14:46:33
419,Batemans Bay,AU,-35.7167,150.1833,66.09,95,41,2.98,scattered clouds,2022-03-27 14:46:34
420,Acajutla,SV,13.5928,-89.8275,85.37,45,63,2.44,broken clouds,2022-03-27 14:46:34
421,Poya,NC,-21.35,165.15,74.75,87,19,3.6,few clouds,2022-03-27 14:46:34
422,Ballangen,NO,68.3428,16.8315,28.62,64,100,14.97,light snow,2022-03-27 14:46:35
423,Xinzhi,CN,36.4989,111.7047,52.27,25,87,5.46,overcast clouds,2022-03-27 14:46:35
424,Sulina,RO,45.1559,29.6536,50.02,33,56,13.94,broken clouds,2022-03-27 14:46:36
425,Tulagi,SB,-9.0996,160.1476,81.63,76,100,4.09,overcast clouds,2022-03-27 14:46:36
426,Zuenoula,CI,7.4292,-6.0431,99.45,27,92,9.86,overcast clouds,2022-03-27 14:46:36
427,Komsomolskiy,UZ,40.4272,71.7189,54.32,40,94,2.3,overcast clouds,2022-03-27 14:46:37
428,Coquimbo,CL,-29.9533,-71.3436,62.33,77,0,6.91,clear sky,2022-03-27 14:43:43
429,Pacific Grove,US,36.6177,-121.9166,52.02,92,100,4.61,overcast clouds,2022-03-27 14:46:37
430,Kolokani,ML,13.5728,-8.0339,101.44,20,78,6.69,broken clouds,2022-03-27 14:46:38
431,Rundu,NA,-17.9333,19.7667,86.61,25,5,4.43,clear sky,2022-03-27 14:46:38
432,Iquique,CL,-20.2208,-70.1431,68.04,59,6,10.47,clear sky,2022-03-27 14:43:11
433,Stillwater,US,36.1156,-97.0584,53.89,42,0,17.27,clear sky,2022-03-27 14:46:39
434,Kauswagan,PH,8.1917,124.0847,77.41,87,100,1.12,overcast clouds,2022-03-27 14:46:39
435,Dyurtyuli,RU,55.4911,54.8688,34.23,98,100,19.22,light snow,2022-03-27 14:46:39
436,Marzuq,YE,14.4,46.4667,78.28,17,89,5.28,overcast clouds,2022-03-27 14:46:40
437,Mastic Beach,US,40.7668,-72.8521,47.12,57,0,18.41,clear sky,2022-03-27 14:46:40
438,Praia,CV,14.9215,-23.5087,79.34,53,20,6.91,few clouds,2022-03-27 14:46:41
439,Palmer,US,42.1584,-72.3287,44.06,58,75,17.27,broken clouds,2022-03-27 14:46:41
440,Bima,ID,-8.4667,118.7167,75.9,93,91,1.32,overcast clouds,2022-03-27 14:46:42
441,Poltavka,RU,54.3663,71.7632,8.71,97,48,4.76,scattered clouds,2022-03-27 14:46:42
442,Daru,PG,-9.0763,143.2092,79.92,84,96,2.08,moderate rain,2022-03-27 14:46:43
443,Plouzane,FR,48.3833,-4.6167,71.78,32,0,10.36,clear sky,2022-03-27 14:46:43
444,Naryan-Mar,RU,67.6713,53.087,7.79,93,100,20.0,light snow,2022-03-27 14:46:44
445,Wilkie,CA,52.4168,-108.7014,16.18,90,87,9.31,overcast clouds,2022-03-27 14:46:44
446,Zarand,IR,30.8127,56.564,67.41,5,0,14.54,clear sky,2022-03-27 14:46:45
447,Sao Felix Do Xingu,BR,-6.6447,-51.995,83.61,75,100,2.86,overcast clouds,2022-03-27 14:46:45
448,Cherskiy,RU,68.75,161.3,-0.76,98,100,7.05,overcast clouds,2022-03-27 14:46:46
449,Stony Point,US,41.2295,-73.9871,44.2,56,69,1.01,broken clouds,2022-03-27 14:46:46
450,Srednekolymsk,RU,67.45,153.6833,-6.27,100,97,7.09,overcast clouds,2022-03-27 14:46:47
451,Bantul,ID,-7.8881,110.3289,77.85,88,100,2.86,overcast clouds,2022-03-27 14:46:47
452,College,US,64.8569,-147.8028,30.79,78,0,0.0,clear sky,2022-03-27 14:45:14
453,Nome,US,64.5011,-165.4064,21.27,73,100,5.75,overcast clouds,2022-03-27 14:46:23
454,Ostrovnoy,RU,68.0531,39.5131,21.56,63,100,9.1,overcast clouds,2022-03-27 14:46:48
455,Richards Bay,ZA,-28.783,32.0377,76.1,73,2,6.85,clear sky,2022-03-27 14:42:46
456,Labuan,MY,5.2767,115.2417,79.16,94,20,0.0,few clouds,2022-03-27 14:46:49
457,Hohhot,CN,40.8106,111.6522,28.69,50,0,6.71,clear sky,2022-03-27 14:46:49
458,Corralillo,CU,22.9819,-80.5856,76.39,41,0,17.52,light rain,2022-03-27 14:46:50
459,Port-Gentil,GA,-0.7193,8.7815,85.96,79,20,14.97,few clouds,2022-03-27 14:46:50
460,Keti Bandar,PK,24.1447,67.4497,81.66,58,3,12.97,clear sky,2022-03-27 14:46:50
461,Olafsvik,IS,64.8945,-23.7142,33.55,71,100,20.85,overcast clouds,2022-03-27 14:46:51
462,Sinnamary,GF,5.3833,-52.95,81.3,75,96,13.04,overcast clouds,2022-03-27 14:46:51
463,Yarensk,RU,62.1675,49.0916,20.79,94,100,11.3,light snow,2022-03-27 14:46:52
464,Saint-Denis,FR,48.9167,2.3333,72.23,30,0,8.05,clear sky,2022-03-27 14:46:52
465,Clonakilty,IE,51.6231,-8.8706,56.08,76,0,13.06,clear sky,2022-03-27 14:46:53
466,Obama,JP,35.4958,135.746,47.95,61,88,3.78,overcast clouds,2022-03-27 14:46:53
467,Porto Novo,BJ,6.4965,2.6036,91.22,56,54,12.8,broken clouds,2022-03-27 14:46:54
468,Castrillon,ES,43.3979,-6.7922,65.14,55,56,4.29,broken clouds,2022-03-27 14:46:54
469,Honiara,SB,-9.4333,159.95,76.87,88,100,2.89,overcast clouds,2022-03-27 14:46:55
470,Praia Da Vitoria,PT,38.7333,-27.0667,64.65,77,40,15.46,scattered clouds,2022-03-27 14:46:55
471,Bereda,ES,43.2686,-7.5406,71.15,46,57,0.58,broken clouds,2022-03-27 14:46:55
472,Levelland,US,33.5873,-102.378,64.18,12,78,10.87,broken clouds,2022-03-27 14:46:56
473,Kargat,RU,55.1956,80.2811,18.64,88,100,9.22,overcast clouds,2022-03-27 14:46:56
474,Inzer,RU,54.2167,57.5556,35.94,80,100,13.69,overcast clouds,2022-03-27 14:46:57
475,Beisfjord,NO,68.3751,17.5988,28.45,91,100,8.99,light snow,2022-03-27 14:46:57
476,Alyangula,AU,-13.8483,136.4192,78.67,89,100,0.0,overcast clouds,2022-03-27 14:46:58
477,Dawei,MM,14.0833,98.2,78.82,87,9,2.42,clear sky,2022-03-27 14:46:58
478,Vestmannaeyjar,IS,63.4427,-20.2734,47.39,93,100,6.91,mist,2022-03-27 14:46:59
479,Paamiut,GL,61.994,-49.6678,31.26,64,97,3.71,overcast clouds,2022-03-27 14:46:59
480,Tabory,RU,58.5198,64.5495,24.6,84,100,12.08,overcast clouds,2022-03-27 14:47:00
481,Evensk,RU,61.95,159.2333,2.95,84,21,11.21,few clouds,2022-03-27 14:47:00
482,Kharp,RU,66.8014,65.8081,8.58,95,100,11.43,light snow,2022-03-27 14:47:01
483,Auki,SB,-8.7676,160.7034,77.68,86,100,2.55,overcast clouds,2022-03-27 14:47:01
484,Honningsvag,NO,70.9821,25.9704,26.35,59,20,6.91,few clouds,2022-03-27 14:46:26
485,Namatanai,PG,-3.6667,152.4333,78.94,84,100,4.52,light rain,2022-03-27 14:47:02
486,Kheralu,IN,23.8833,72.6167,86.09,10,4,7.25,clear sky,2022-03-27 14:47:02
487,Ugoofaaru,MV,5.6667,73.0,83.17,70,17,9.62,few clouds,2022-03-27 14:47:02
488,Bakhmach,UA,51.1808,32.7569,33.49,38,62,19.95,broken clouds,2022-03-27 14:47:03
489,Vilhena,BR,-12.7406,-60.1458,77.22,83,75,8.05,broken clouds,2022-03-27 14:47:03
490,Sola,VU,-13.8833,167.55,82.65,72,96,9.53,overcast clouds,2022-03-27 14:47:04
491,Amuntai,ID,-2.4177,115.2494,76.1,90,56,1.59,light rain,2022-03-27 14:43:21
492,Veraval,IN,20.9,70.3667,79.95,71,5,11.72,clear sky,2022-03-27 14:47:04
493,Iranshahr,IR,27.2025,60.6848,91.74,10,0,16.11,clear sky,2022-03-27 14:47:04
494,Taoudenni,ML,22.6783,-3.9836,99.1,15,0,9.48,clear sky,2022-03-27 14:47:05
495,Ploemeur,FR,47.7333,-3.4333,68.63,30,0,10.36,clear sky,2022-03-27 14:47:05
496,Oranjemund,NA,-28.55,16.4333,68.45,57,0,9.91,clear sky,2022-03-27 14:47:06
497,Antalaha,MG,-14.9003,50.2788,79.34,83,16,4.92,few clouds,2022-03-27 14:47:06
498,Hanting,CN,36.7708,119.2108,42.8,31,0,6.6,clear sky,2022-03-27 14:47:07
499,Mananjary,MG,-21.2167,48.3333,80.22,82,11,7.92,few clouds,2022-03-27 14:47:07
500,Alta Floresta,BR,-9.8756,-56.0861,80.42,89,100,3.44,overcast clouds,2022-03-27 14:47:08
501,Kainan,JP,34.15,135.2,53.64,72,43,0.94,scattered clouds,2022-03-27 14:47:08
502,Lasa,IT,46.6166,10.7002,66.69,74,25,0.4,scattered clouds,2022-03-27 14:42:34
503,Parati,BR,-23.2178,-44.7131,87.8,62,58,3.96,broken clouds,2022-03-27 14:47:09
504,Boddam,GB,57.4667,-1.7833,62.44,76,11,3.13,few clouds,2022-03-27 14:47:09
505,Sydney,AU,-33.8679,151.2073,68.11,95,75,6.91,broken clouds,2022-03-27 14:45:20
506,Zhigansk,RU,66.7697,123.3711,-2.87,100,96,5.26,overcast clouds,2022-03-27 14:47:10
507,Trincomalee,LK,8.5711,81.2335,83.23,75,1,11.23,clear sky,2022-03-27 14:47:11
508,Sobolevo,RU,54.4299,31.8996,27.23,57,39,16.08,scattered clouds,2022-03-27 14:47:11
509,Mutoko,ZW,-17.397,32.2268,70.14,80,100,6.46,moderate rain,2022-03-27 14:47:12
510,Jacareacanga,BR,-6.2222,-57.7528,84.6,75,100,2.39,moderate rain,2022-03-27 14:47:12
511,Vetluga,RU,57.8557,45.781,22.05,89,100,12.46,overcast clouds,2022-03-27 14:47:12
512,Skjervoy,NO,70.0311,20.9714,23.0,62,66,23.38,broken clouds,2022-03-27 14:47:13
513,Ca Mau,VN,9.1769,105.15,81.93,75,16,3.09,few clouds,2022-03-27 14:47:13
514,Milkovo,RU,54.7167,158.6167,18.9,92,100,10.11,light snow,2022-03-27 14:47:13
515,Bowen,AU,-20.0167,148.2333,75.29,88,10,7.61,clear sky,2022-03-27 14:47:14
516,Orsk,RU,51.2049,58.5668,32.9,86,0,26.84,clear sky,2022-03-27 14:47:14
517,Caloundra,AU,-26.8,153.1333,72.9,96,97,2.04,moderate rain,2022-03-27 14:47:15
518,Cabedelo,BR,-6.9811,-34.8339,86.67,73,95,11.03,overcast clouds,2022-03-27 14:47:15
519,Viedma,AR,-40.8135,-62.9967,70.52,29,0,15.73,clear sky,2022-03-27 14:47:16
520,Tateyama,JP,34.9833,139.8667,57.09,87,100,12.03,overcast clouds,2022-03-27 14:47:16
521,Maxixe,MZ,-23.8597,35.3472,80.42,83,75,5.01,broken clouds,2022-03-27 14:47:16
522,Biak,ID,-0.9131,122.8766,76.86,84,100,4.97,overcast clouds,2022-03-27 14:47:17
523,Maraba,BR,-5.3686,-49.1178,82.58,89,75,4.61,light rain,2022-03-27 14:47:17
524,Garoua Boulai,CM,5.8833,14.55,96.71,8,93,9.15,overcast clouds,2022-03-27 14:47:18
525,Kinkala,CG,-4.3614,14.7644,84.25,69,100,4.14,overcast clouds,2022-03-27 14:47:18
526,Yulara,AU,-25.2406,130.9889,76.84,20,9,9.22,clear sky,2022-03-27 14:47:18
527,Sibolga,ID,1.7427,98.7792,76.53,81,0,3.31,clear sky,2022-03-27 14:47:19
528,San Luis,AR,-33.295,-66.3356,79.34,18,33,2.21,scattered clouds,2022-03-27 14:47:19
529,Domoni,KM,-12.2569,44.5319,81.54,79,100,1.9,light rain,2022-03-27 14:47:20
530,Karaton,ID,-6.3424,106.1045,74.55,92,9,3.02,clear sky,2022-03-27 14:47:20
531,Tucupita,VE,9.0622,-62.051,80.33,80,100,6.17,overcast clouds,2022-03-27 14:47:21
532,Adrar,MR,20.5022,-10.0711,96.1,6,18,9.31,few clouds,2022-03-27 14:47:21
533,Cine,TR,37.6117,28.0614,67.41,38,0,2.48,clear sky,2022-03-27 14:47:21
534,Chute-Aux-Outardes,CA,49.1168,-68.399,31.98,93,100,13.8,overcast clouds,2022-03-27 14:47:22
535,Durban,ZA,-29.8579,31.0292,76.12,87,63,3.0,broken clouds,2022-03-27 14:47:13
536,Lewistown,US,40.5992,-77.5714,35.73,89,75,11.5,broken clouds,2022-03-27 14:42:25
537,Celestun,MX,20.8667,-90.4,74.05,57,1,10.63,clear sky,2022-03-27 14:47:23
538,Deqing,CN,30.5448,119.9599,50.97,80,100,3.27,overcast clouds,2022-03-27 14:47:23
539,Zambezi,ZM,-13.5432,23.1047,76.21,78,98,3.83,light rain,2022-03-27 14:47:23
540,Kalianget,ID,-7.05,113.9333,80.47,78,100,6.35,overcast clouds,2022-03-27 14:47:24
541,Sulangan,PH,11.1373,123.7228,82.38,76,96,13.71,light rain,2022-03-27 14:47:24
542,Sungai Besar,MY,3.6746,100.9867,80.33,82,5,6.29,light rain,2022-03-27 14:47:25
543,Sidrolandia,BR,-20.9319,-54.9614,83.34,55,37,5.35,scattered clouds,2022-03-27 14:47:25
544,San Quintin,MX,30.4833,-115.95,58.53,84,66,2.44,broken clouds,2022-03-27 14:46:14
545,Tubuala,PA,9.5167,-79.0333,79.83,80,82,11.3,broken clouds,2022-03-27 14:47:27
546,Kavaratti,IN,10.5669,72.642,83.5,68,0,6.58,clear sky,2022-03-27 14:47:27
547,Armidale,AU,-30.5167,151.65,56.73,99,100,1.72,light rain,2022-03-27 14:47:28
548,Vardo,NO,70.3705,31.1107,26.64,61,100,10.67,light snow,2022-03-27 14:47:28
549,Lozova,UA,48.8894,36.3176,32.67,57,100,20.74,light snow,2022-03-27 14:47:28
550,Severnyy,RU,50.677,36.5532,28.44,69,75,24.61,broken clouds,2022-03-27 14:47:29
551,Uusikaupunki,FI,60.8004,21.4084,31.82,98,100,16.44,snow,2022-03-27 14:47:29
552,Kaohsiung,TW,22.6163,120.3133,75.15,80,75,2.3,broken clouds,2022-03-27 14:47:30
553,Saint-Augustin,CA,51.226,-58.6502,32.77,99,100,14.58,overcast clouds,2022-03-27 14:47:30
554,Tartu,EE,58.3806,26.7251,32.25,28,20,10.36,few clouds,2022-03-27 14:47:30
555,Homer,US,59.6425,-151.5483,35.8,78,100,4.0,overcast clouds,2022-03-27 14:47:31
556,Dharchula,IN,29.85,80.5333,65.21,30,0,6.29,clear sky,2022-03-27 14:47:32
557,Holeby,DK,54.7115,11.4642,57.09,61,6,14.2,clear sky,2022-03-27 14:47:32
558,Areka,ET,7.0667,37.7,81.21,21,68,9.93,broken clouds,2022-03-27 14:47:32
559,Amesbury,US,42.8584,-70.9301,49.32,55,11,8.99,few clouds,2022-03-27 14:47:33
560,Kencong,ID,-8.2833,113.3667,76.51,89,100,3.65,overcast clouds,2022-03-27 14:47:33
561,Valparaiso,CL,-33.0393,-71.6273,64.04,67,0,4.61,clear sky,2022-03-27 14:47:33
562,Ketchikan,US,55.3422,-131.6461,39.67,93,75,6.91,broken clouds,2022-03-27 14:46:27
563,Redmond,US,47.674,-122.1215,49.73,88,100,1.54,overcast clouds,2022-03-27 14:47:32
564,Jardim,BR,-21.4803,-56.1381,84.47,51,10,2.08,clear sky,2022-03-27 14:47:34
565,Muscat,OM,23.6139,58.5922,86.02,45,0,7.74,clear sky,2022-03-27 14:47:34
566,Tatarka,RU,44.9589,41.9517,30.02,96,100,23.29,snow,2022-03-27 14:47:35
567,Lompoc,US,34.6391,-120.4579,56.12,81,100,20.0,overcast clouds,2022-03-27 14:47:35
568,Muskegon,US,43.3,-86.1334,24.8,59,100,17.27,overcast clouds,2022-03-27 14:47:35
569,Pochutla,MX,15.7432,-96.4661,82.81,44,61,3.6,broken clouds,2022-03-27 14:47:36
570,Dingli,MT,35.8614,14.3822,62.82,72,20,18.41,few clouds,2022-03-27 14:47:36
571,Katobu,ID,-4.9408,122.5276,75.54,88,100,0.94,overcast clouds,2022-03-27 14:47:37
572,Lukovetskiy,RU,64.2956,41.9211,19.71,71,100,12.86,overcast clouds,2022-03-27 14:47:37
573,Cabanas,CU,22.9758,-82.9219,76.55,46,0,16.22,clear sky,2022-03-27 14:47:38
574,Mega,ET,4.05,38.3,71.73,50,65,17.96,broken clouds,2022-03-27 14:47:38
575,Ornskoldsvik,SE,63.2909,18.7153,31.15,100,100,10.36,light snow,2022-03-27 14:47:38
576,La Gomera,GT,14.0833,-91.05,82.11,40,70,3.51,broken clouds,2022-03-27 14:47:40
577,Vakhrushev,RU,48.9833,142.9667,30.78,79,100,9.06,overcast clouds,2022-03-27 14:47:40
578,Isangel,VU,-19.55,169.2667,77.23,86,75,7.7,broken clouds,2022-03-27 14:47:41
579,Micheweni,TZ,-4.9667,39.8333,85.46,67,30,10.78,scattered clouds,2022-03-27 14:47:41
580,Karpathos,GR,35.507,27.2132,64.36,52,0,18.41,clear sky,2022-03-27 14:47:42
581,Gravdal,NO,68.1214,13.5031,31.89,86,75,8.05,light snow,2022-03-27 14:47:42
582,Boa Esperanca Do Sul,BR,-21.9925,-48.3908,74.08,86,100,3.27,light rain,2022-03-27 14:47:42
583,Kautokeino,NO,69.0125,23.0412,17.78,84,89,11.16,overcast clouds,2022-03-27 14:47:43
584,Morden,CA,49.1919,-98.1014,10.09,61,83,2.3,broken clouds,2022-03-27 14:47:43
585,Jiuquan,CN,39.7432,98.5174,47.93,17,65,6.08,broken clouds,2022-03-27 14:47:43
586,Monrovia,LR,6.3005,-10.7969,91.17,70,79,9.84,broken clouds,2022-03-27 14:43:32
587,Khorixas,NA,-20.3667,14.9667,90.84,15,67,10.63,broken clouds,2022-03-27 14:47:44
588,Savelugu,GH,9.6244,-0.8253,104.23,18,11,2.24,few clouds,2022-03-27 14:47:44
589,Bud,US,39.447,-86.1758,34.93,53,20,11.74,few clouds,2022-03-27 14:47:45
590,Krasnyy Kut,RU,50.95,46.9667,29.12,88,61,8.01,broken clouds,2022-03-27 14:47:45
591,Ludvika,SE,60.1496,15.1878,42.6,69,100,12.15,overcast clouds,2022-03-27 14:47:46
592,Ailigandi,PA,9.2333,-78.0167,80.04,82,59,8.86,broken clouds,2022-03-27 14:47:46
593,Gunjur,GM,13.2019,-16.7339,74.28,57,93,17.87,overcast clouds,2022-03-27 14:47:46
594,Haines Junction,CA,60.7522,-137.5108,12.15,79,68,2.3,broken clouds,2022-03-27 14:47:47
595,Dandong,CN,40.1292,124.3947,39.04,38,0,2.55,clear sky,2022-03-27 14:47:47
596,Svetlogorsk,BY,52.6333,29.7333,34.81,34,97,15.32,overcast clouds,2022-03-27 14:47:48
597,Dagatan,PH,14.0033,121.3789,79.65,96,50,2.75,scattered clouds,2022-03-27 14:47:48
598,Kagalnitskaya,RU,46.8806,40.1466,39.65,52,99,19.53,overcast clouds,2022-03-27 14:47:49
599,Punta Alta,AR,-38.8759,-62.0736,69.71,48,0,11.12,clear sky,2022-03-27 14:45:00
600,Vao,NC,-22.6667,167.4833,75.96,75,84,17.69,broken clouds,2022-03-27 14:47:49
601,Rapar,IN,23.5667,70.6333,88.93,25,4,11.97,clear sky,2022-03-27 14:47:50
602,Panjab,AF,34.388,67.0233,45.45,41,2,6.13,clear sky,2022-03-27 14:47:50
603,Belmonte,BR,-15.8631,-38.8828,84.65,61,52,8.93,broken clouds,2022-03-27 14:47:51
604,Port Macquarie,AU,-31.4333,152.9167,65.89,94,100,2.01,light rain,2022-03-27 14:47:51
605,Nizwa,OM,22.9333,57.5333,87.98,14,0,3.31,clear sky,2022-03-27 14:47:51
606,Lianzhou,CN,24.7811,112.3825,54.34,91,97,3.91,overcast clouds,2022-03-27 14:47:52
607,Fredericksburg,US,38.3032,-77.4605,45.61,50,100,9.22,overcast clouds,2022-03-27 14:43:51
608,Meulaboh,ID,4.1363,96.1285,79.75,78,92,1.54,overcast clouds,2022-03-27 14:47:52
609,Hualmay,PE,-11.0964,-77.6139,73.78,74,36,9.28,scattered clouds,2022-03-27 14:47:53
610,Abu Dhabi,AE,24.4667,54.3667,75.31,60,0,16.11,clear sky,2022-03-27 14:47:53
611,Haysville,US,37.5645,-97.3523,44.31,41,75,24.16,broken clouds,2022-03-27 14:47:54
612,Edendale,ZA,-29.6528,30.3147,66.94,82,75,5.82,broken clouds,2022-03-27 14:47:54
613,Chandbali,IN,20.7833,86.7667,80.02,89,41,12.59,scattered clouds,2022-03-27 14:47:55
614,Maues,BR,-3.3836,-57.7186,80.58,88,100,3.6,overcast clouds,2022-03-27 14:45:33
615,Alamos,MX,27.0167,-108.9333,73.26,19,92,1.3,overcast clouds,2022-03-27 14:45:18
616,Padang,ID,-0.9492,100.3543,75.25,79,12,3.89,few clouds,2022-03-27 14:47:55
617,Farsund,NO,58.0948,6.8047,49.95,100,22,21.39,few clouds,2022-03-27 14:47:55
618,Rockport,US,28.0206,-97.0544,70.05,86,0,14.97,clear sky,2022-03-27 14:47:56
619,Bad Doberan,DE,54.1071,11.9005,59.32,76,9,9.26,clear sky,2022-03-27 14:47:56
620,Tyulgan,RU,52.3405,56.166,33.71,91,100,18.88,overcast clouds,2022-03-27 14:47:57
621,Winslow,US,35.0242,-110.6974,42.98,33,0,9.22,clear sky,2022-03-27 14:45:29
622,Ascension,US,30.2169,-90.9001,71.01,76,0,3.44,clear sky,2022-03-27 14:47:57
623,Celendin,PE,-6.8703,-78.1517,63.12,83,100,2.39,light rain,2022-03-27 14:47:57
624,Rockhampton,AU,-23.3833,150.5,73.29,83,40,2.3,scattered clouds,2022-03-27 14:47:58
625,Acarau,BR,-2.8856,-40.12,82.65,79,88,10.85,overcast clouds,2022-03-27 14:47:58
626,Irondequoit,US,43.2134,-77.5797,30.52,85,100,21.85,light snow,2022-03-27 14:47:59
627,Kouvola,FI,60.8667,26.7,30.24,50,0,6.91,clear sky,2022-03-27 14:47:59
628,Jumla,NP,29.2747,82.1838,50.14,46,2,5.26,clear sky,2022-03-27 14:47:59
629,Chishtian Mandi,PK,29.8,72.8667,87.69,7,0,9.51,clear sky,2022-03-27 14:44:34
630,Agdam,AZ,39.991,46.9274,48.34,53,35,1.39,scattered clouds,2022-03-27 14:48:00
631,Yima,CN,34.7381,111.8839,46.87,38,47,7.61,scattered clouds,2022-03-27 14:48:00
632,Ambilobe,MG,-13.2,49.05,77.52,89,33,2.91,light rain,2022-03-27 14:48:01
633,Tupik,RU,54.4253,119.9327,6.01,97,55,4.14,broken clouds,2022-03-27 14:48:01
634,Farafangana,MG,-22.8167,47.8333,79.61,85,48,7.52,scattered clouds,2022-03-27 14:48:01
635,Nsanje,MW,-16.92,35.262,81.59,78,92,5.14,overcast clouds,2022-03-27 14:48:02
636,Brigantine,US,39.4101,-74.3646,47.19,56,20,21.85,few clouds,2022-03-27 14:48:02
637,Asfi,MA,32.2994,-9.2372,72.63,44,100,5.14,overcast clouds,2022-03-27 14:48:03
638,Yenagoa,NG,4.9247,6.2642,92.7,50,94,7.4,overcast clouds,2022-03-27 14:48:04
639,Am Timan,TD,11.0297,20.2827,99.91,6,100,8.25,overcast clouds,2022-03-27 14:48:05
640,Tuatapere,NZ,-46.1333,167.6833,50.63,94,14,2.57,few clouds,2022-03-27 14:48:05
641,Hamilton,US,39.1834,-84.5333,33.98,59,100,11.5,overcast clouds,2022-03-27 14:47:45
642,Kurchum,KZ,48.5722,83.6542,33.82,96,96,7.61,light snow,2022-03-27 14:48:06
643,Saint-Pierre,RE,-21.3393,55.4781,82.08,77,100,2.3,overcast clouds,2022-03-27 14:48:06
644,Plettenberg Bay,ZA,-34.0527,23.3716,68.83,76,100,9.89,overcast clouds,2022-03-27 14:48:06
645,Taltal,CL,-25.4,-70.4833,71.06,62,0,5.75,clear sky,2022-03-27 14:48:07
646,Kabelvag,NO,68.2114,14.4817,32.22,93,100,18.1,snow,2022-03-27 14:48:07
647,Santa Rosa,PH,14.3122,121.1114,84.18,77,49,8.66,scattered clouds,2022-03-27 14:48:08
648,Lanigan,CA,51.8501,-105.0344,17.49,83,96,10.78,overcast clouds,2022-03-27 14:48:08
649,Emerald,AU,-23.5333,148.1667,69.94,88,40,5.75,scattered clouds,2022-03-27 14:48:08
650,Partenit,UA,44.578,34.3446,44.33,53,53,10.56,broken clouds,2022-03-27 14:48:09
651,Apen,DE,53.2167,7.8,61.18,60,4,9.53,clear sky,2022-03-27 14:48:09
652,Bumba,CD,2.1833,22.4667,94.66,33,84,3.44,broken clouds,2022-03-27 14:48:10
653,Opuwo,NA,-18.0607,13.84,86.63,19,24,7.83,few clouds,2022-03-27 14:44:09
654,Mayumba,GA,-3.432,10.6554,82.4,83,70,9.04,light rain,2022-03-27 14:48:10
655,Firovo,RU,57.4814,33.7021,22.53,67,75,14.67,broken clouds,2022-03-27 14:48:11
656,Anori,BR,-3.7728,-61.6442,81.41,84,100,4.09,heavy intensity rain,2022-03-27 14:48:11
657,Voyvozh,RU,62.892,54.9635,31.39,95,100,7.78,overcast clouds,2022-03-27 14:48:12
658,Kozhva,RU,65.1073,57.0459,22.91,95,100,9.95,snow,2022-03-27 14:48:12
659,Southbridge,US,42.0751,-72.0334,44.46,68,71,8.01,broken clouds,2022-03-27 14:43:41
660,Changli,CN,39.7042,119.1506,44.1,28,0,7.36,clear sky,2022-03-27 14:48:13
661,Almeria,ES,37.1667,-2.3333,57.78,74,94,11.3,overcast clouds,2022-03-27 14:48:13
662,Beyneu,KZ,45.3167,55.2,47.05,55,100,12.01,overcast clouds,2022-03-27 14:48:14
663,Jalu,LY,29.0331,21.5482,75.22,9,2,11.52,clear sky,2022-03-27 14:48:14
664,Kunya,NG,12.2233,8.5325,96.33,7,62,16.69,broken clouds,2022-03-27 14:48:14
665,Aguimes,ES,27.9054,-15.4461,74.03,38,40,18.41,scattered clouds,2022-03-27 14:48:15
666,Inirida,CO,3.8653,-67.9239,74.71,96,100,1.5,overcast clouds,2022-03-27 14:48:15
667,La Macarena,CO,2.1837,-73.7849,82.06,76,98,2.8,overcast clouds,2022-03-27 14:48:16
668,Diego De Almagro,CL,-26.3667,-70.05,77.27,19,0,5.99,clear sky,2022-03-27 14:46:37
669,Kangaatsiaq,GL,68.3065,-53.4641,18.66,74,31,12.1,scattered clouds,2022-03-27 14:48:16
670,Pundaguitan,PH,6.3711,126.1689,79.9,78,100,6.64,overcast clouds,2022-03-27 14:48:16
671,Kodinsk,RU,58.6881,99.1844,16.11,92,98,8.93,overcast clouds,2022-03-27 14:48:17
672,Multan,PK,30.1956,71.4753,94.89,28,0,6.91,haze,2022-03-27 14:46:02
673,Varkaus,FI,62.3153,27.873,28.31,67,100,3.18,overcast clouds,2022-03-27 14:48:18
674,Rosenberg,SK,49.0748,19.3075,61.43,28,6,1.79,clear sky,2022-03-27 14:48:18
675,Port Augusta,AU,-32.5,137.7667,71.74,46,72,12.8,broken clouds,2022-03-27 14:48:18
676,Surt,LY,31.2089,16.5887,76.21,25,15,15.08,few clouds,2022-03-27 14:48:19
677,Ginda,IN,30.6945,78.4932,59.79,30,0,7.67,clear sky,2022-03-27 14:48:20
678,Burnie,AU,-41.0667,145.9167,59.94,97,95,6.31,overcast clouds,2022-03-27 14:48:20
679,Onega,RU,63.9061,38.1404,20.86,80,30,10.51,scattered clouds,2022-03-27 14:48:21
680,Salalah,OM,17.0151,54.0924,84.29,48,0,4.61,clear sky,2022-03-27 14:48:21
